entidad,entidad_ascii,distrito,coalicion,grupo_parlamentario,partido_origen,_ENT_N
AGUASCALIENTES,AGUASCALIENTES,1,FUERZA Y CORAZON POR MEXICO,PRI,,AGUASCALIENTES
AGUASCALIENTES,AGUASCALIENTES,2,FUERZA Y CORAZON POR MEXICO,PAN,,AGUASCALIENTES
BAJA CALIFORNIA,BAJA CALIFORNIA,1,FUERZA Y CORAZON POR MEXICO,PAN,,BAJA CALIFORNIA
BAJA CALIFORNIA,BAJA CALIFORNIA,2,FUERZA Y CORAZON POR MEXICO,PAN,,BAJA CALIFORNIA
BAJA CALIFORNIA,BAJA CALIFORNIA,3,FUERZA Y CORAZON POR MEXICO,PRD,PAN|PRD|PRI,BAJA CALIFORNIA
BAJA CALIFORNIA,BAJA CALIFORNIA,4,FUERZA Y CORAZON POR MEXICO,PRD,PAN|PRD|PRI,BAJA CALIFORNIA
BAJA CALIFORNIA,BAJA CALIFORNIA,5,FUERZA Y CORAZON POR MEXICO,PAN,,BAJA CALIFORNIA
BAJA CALIFORNIA,BAJA CALIFORNIA,6,FUERZA Y CORAZON POR MEXICO,PRI,,BAJA CALIFORNIA
BAJA CALIFORNIA,BAJA CALIFORNIA,7,FUERZA Y CORAZON POR MEXICO,PRI,,BAJA CALIFORNIA
BAJA CALIFORNIA,BAJA CALIFORNIA,8,FUERZA Y CORAZON POR MEXICO,PAN,,BAJA CALIFORNIA
BAJA CALIFORNIA,BAJA CALIFORNIA,9,FUERZA Y CORAZON POR MEXICO,PRI,,BAJA CALIFORNIA
BAJA CALIFORNIA SUR,BAJA CALIFORNIA SUR,1,FUERZA Y CORAZON POR MEXICO,PAN,,BAJA CALIFORNIA SUR
BAJA CALIFORNIA SUR,BAJA CALIFORNIA SUR,2,FUERZA Y CORAZON POR MEXICO,PAN,,BAJA CALIFORNIA SUR
CAMPECHE,CAMPECHE,2,FUERZA Y CORAZON POR MEXICO,PRI,,CAMPECHE
CAMPECHE,CAMPECHE,2,FUERZA Y CORAZON POR MEXICO,PRD,,CAMPECHE
CHIAPAS,CHIAPAS,1,FUERZA Y CORAZON POR MEXICO,PRD,,CHIAPAS
CHIAPAS,CHIAPAS,2,FUERZA Y CORAZON POR MEXICO,PRI,,CHIAPAS
CHIAPAS,CHIAPAS,3,FUERZA Y CORAZON POR MEXICO,PRD,,CHIAPAS
CHIAPAS,CHIAPAS,4,FUERZA Y CORAZON POR MEXICO,PRD,,CHIAPAS
CHIAPAS,CHIAPAS,6,FUERZA Y CORAZON POR MEXICO,PRD,,CHIAPAS
CHIAPAS,CHIAPAS,7,FUERZA Y CORAZON POR MEXICO,PRI,,CHIAPAS
CHIAPAS,CHIAPAS,9,FUERZA Y CORAZON POR MEXICO,PAN,,CHIAPAS
CHIAPAS,CHIAPAS,10,FUERZA Y CORAZON POR MEXICO,PRD,,CHIAPAS
CHIAPAS,CHIAPAS,11,FUERZA Y CORAZON POR MEXICO,PRD,,CHIAPAS
CHIAPAS,CHIAPAS,8,FUERZA Y CORAZON POR MEXICO,PRI,,CHIAPAS
CHIAPAS,CHIAPAS,5,FUERZA Y CORAZON POR MEXICO,PRI,,CHIAPAS
CHIAPAS,CHIAPAS,12,FUERZA Y CORAZON POR MEXICO,PRD,PAN|PRD|PRI,CHIAPAS
CHIAPAS,CHIAPAS,13,FUERZA Y CORAZON POR MEXICO,PRI,,CHIAPAS
CHIHUAHUA,CHIHUAHUA,1,FUERZA Y CORAZON POR MEXICO,PRD,,CHIHUAHUA
CHIHUAHUA,CHIHUAHUA,2,FUERZA Y CORAZON POR MEXICO,PRI,,CHIHUAHUA
CHIHUAHUA,CHIHUAHUA,3,FUERZA Y CORAZON POR MEXICO,PRI,,CHIHUAHUA
CHIHUAHUA,CHIHUAHUA,4,FUERZA Y CORAZON POR MEXICO,PAN,,CHIHUAHUA
CHIHUAHUA,CHIHUAHUA,5,FUERZA Y CORAZON POR MEXICO,PAN,,CHIHUAHUA
CHIHUAHUA,CHIHUAHUA,6,FUERZA Y CORAZON POR MEXICO,PAN,,CHIHUAHUA
CHIHUAHUA,CHIHUAHUA,7,FUERZA Y CORAZON POR MEXICO,PAN,,CHIHUAHUA
CHIHUAHUA,CHIHUAHUA,8,FUERZA Y CORAZON POR MEXICO,PRI,,CHIHUAHUA
CHIHUAHUA,CHIHUAHUA,9,FUERZA Y CORAZON POR MEXICO,PRI,,CHIHUAHUA
CIUDAD DE MÉXICO,CIUDAD DE MEXICO,1,FUERZA Y CORAZON POR MEXICO,PAN,,CIUDAD DE MEXICO
CIUDAD DE MÉXICO,CIUDAD DE MEXICO,2,FUERZA Y CORAZON POR MEXICO,PRI,,CIUDAD DE MEXICO
CIUDAD DE MÉXICO,CIUDAD DE MEXICO,3,FUERZA Y CORAZON POR MEXICO,PAN,,CIUDAD DE MEXICO
CIUDAD DE MÉXICO,CIUDAD DE MEXICO,4,FUERZA Y CORAZON POR MEXICO,PAN,,CIUDAD DE MEXICO
CIUDAD DE MÉXICO,CIUDAD DE MEXICO,5,FUERZA Y CORAZON POR MEXICO,PRI,,CIUDAD DE MEXICO
CIUDAD DE MÉXICO,CIUDAD DE MEXICO,6,FUERZA Y CORAZON POR MEXICO,PAN,,CIUDAD DE MEXICO
CIUDAD DE MÉXICO,CIUDAD DE MEXICO,7,FUERZA Y CORAZON POR MEXICO,PRD,,CIUDAD DE MEXICO
CIUDAD DE MÉXICO,CIUDAD DE MEXICO,8,FUERZA Y CORAZON POR MEXICO,PAN,,CIUDAD DE MEXICO
CIUDAD DE MÉXICO,CIUDAD DE MEXICO,9,FUERZA Y CORAZON POR MEXICO,PRI,,CIUDAD DE MEXICO
CIUDAD DE MÉXICO,CIUDAD DE MEXICO,10,FUERZA Y CORAZON POR MEXICO,PAN,,CIUDAD DE MEXICO
CIUDAD DE MÉXICO,CIUDAD DE MEXICO,11,FUERZA Y CORAZON POR MEXICO,PRD,,CIUDAD DE MEXICO
CIUDAD DE MÉXICO,CIUDAD DE MEXICO,12,FUERZA Y CORAZON POR MEXICO,PRD,,CIUDAD DE MEXICO
CIUDAD DE MÉXICO,CIUDAD DE MEXICO,13,FUERZA Y CORAZON POR MEXICO,PRD,,CIUDAD DE MEXICO
CIUDAD DE MÉXICO,CIUDAD DE MEXICO,14,FUERZA Y CORAZON POR MEXICO,PRD,,CIUDAD DE MEXICO
CIUDAD DE MÉXICO,CIUDAD DE MEXICO,15,FUERZA Y CORAZON POR MEXICO,PAN,,CIUDAD DE MEXICO
CIUDAD DE MÉXICO,CIUDAD DE MEXICO,16,FUERZA Y CORAZON POR MEXICO,PRI,,CIUDAD DE MEXICO
CIUDAD DE MÉXICO,CIUDAD DE MEXICO,17,FUERZA Y CORAZON POR MEXICO,PAN,,CIUDAD DE MEXICO
CIUDAD DE MÉXICO,CIUDAD DE MEXICO,18,FUERZA Y CORAZON POR MEXICO,PRD,,CIUDAD DE MEXICO
CIUDAD DE MÉXICO,CIUDAD DE MEXICO,19,FUERZA Y CORAZON POR MEXICO,PAN,,CIUDAD DE MEXICO
CIUDAD DE MÉXICO,CIUDAD DE MEXICO,20,FUERZA Y CORAZON POR MEXICO,PRD,,CIUDAD DE MEXICO
CIUDAD DE MÉXICO,CIUDAD DE MEXICO,21,FUERZA Y CORAZON POR MEXICO,PRI,,CIUDAD DE MEXICO
CIUDAD DE MÉXICO,CIUDAD DE MEXICO,22,FUERZA Y CORAZON POR MEXICO,PRD,,CIUDAD DE MEXICO
COAHUILA,COAHUILA,1,FUERZA Y CORAZON POR MEXICO,PRI,,COAHUILA
COAHUILA,COAHUILA,2,FUERZA Y CORAZON POR MEXICO,PRI,,COAHUILA
COAHUILA,COAHUILA,3,FUERZA Y CORAZON POR MEXICO,PAN,,COAHUILA
COAHUILA,COAHUILA,4,FUERZA Y CORAZON POR MEXICO,PRI,,COAHUILA
COAHUILA,COAHUILA,5,FUERZA Y CORAZON POR MEXICO,PAN,,COAHUILA
COAHUILA,COAHUILA,6,FUERZA Y CORAZON POR MEXICO,PRI,,COAHUILA
COAHUILA,COAHUILA,7,FUERZA Y CORAZON POR MEXICO,PRI,,COAHUILA
COAHUILA,COAHUILA,8,FUERZA Y CORAZON POR MEXICO,PRD,,COAHUILA
COLIMA,COLIMA,1,FUERZA Y CORAZON POR MEXICO,PAN,,COLIMA
COLIMA,COLIMA,2,FUERZA Y CORAZON POR MEXICO,PRI,,COLIMA
DURANGO,DURANGO,1,FUERZA Y CORAZON POR MEXICO,PAN,,DURANGO
DURANGO,DURANGO,2,FUERZA Y CORAZON POR MEXICO,PRI,,DURANGO
DURANGO,DURANGO,3,FUERZA Y CORAZON POR MEXICO,PRD,,DURANGO
DURANGO,DURANGO,4,FUERZA Y CORAZON POR MEXICO,PAN,,DURANGO
GUANAJUATO,GUANAJUATO,1,FUERZA Y CORAZON POR MEXICO,PRI,,GUANAJUATO
GUANAJUATO,GUANAJUATO,2,FUERZA Y CORAZON POR MEXICO,PAN,,GUANAJUATO
GUANAJUATO,GUANAJUATO,3,FUERZA Y CORAZON POR MEXICO,PAN,,GUANAJUATO
GUANAJUATO,GUANAJUATO,7,FUERZA Y CORAZON POR MEXICO,PAN,,GUANAJUATO
GUANAJUATO,GUANAJUATO,5,FUERZA Y CORAZON POR MEXICO,PAN,,GUANAJUATO
GUANAJUATO,GUANAJUATO,8,FUERZA Y CORAZON POR MEXICO,PRD,,GUANAJUATO
GUANAJUATO,GUANAJUATO,9,FUERZA Y CORAZON POR MEXICO,PAN,,GUANAJUATO
GUANAJUATO,GUANAJUATO,10,FUERZA Y CORAZON POR MEXICO,PAN,,GUANAJUATO
GUANAJUATO,GUANAJUATO,12,FUERZA Y CORAZON POR MEXICO,PAN,,GUANAJUATO
GUANAJUATO,GUANAJUATO,13,FUERZA Y CORAZON POR MEXICO,PRI,,GUANAJUATO
GUANAJUATO,GUANAJUATO,14,FUERZA Y CORAZON POR MEXICO,PAN,,GUANAJUATO
GUANAJUATO,GUANAJUATO,15,FUERZA Y CORAZON POR MEXICO,PAN,,GUANAJUATO
GUERRERO,GUERRERO,1,FUERZA Y CORAZON POR MEXICO,PRI,,GUERRERO
GUERRERO,GUERRERO,2,FUERZA Y CORAZON POR MEXICO,PRD,,GUERRERO
GUERRERO,GUERRERO,3,FUERZA Y CORAZON POR MEXICO,PRD,,GUERRERO
GUERRERO,GUERRERO,4,FUERZA Y CORAZON POR MEXICO,PRD,,GUERRERO
GUERRERO,GUERRERO,5,FUERZA Y CORAZON POR MEXICO,PRD,,GUERRERO
GUERRERO,GUERRERO,6,FUERZA Y CORAZON POR MEXICO,PRI,,GUERRERO
GUERRERO,GUERRERO,7,FUERZA Y CORAZON POR MEXICO,PAN,,GUERRERO
GUERRERO,GUERRERO,8,FUERZA Y CORAZON POR MEXICO,PRI,,GUERRERO
HIDALGO,HIDALGO,1,FUERZA Y CORAZON POR MEXICO,PRI,,HIDALGO
HIDALGO,HIDALGO,2,FUERZA Y CORAZON POR MEXICO,PRD,,HIDALGO
HIDALGO,HIDALGO,3,FUERZA Y CORAZON POR MEXICO,PRD,PAN|PRD|PRI,HIDALGO
HIDALGO,HIDALGO,4,FUERZA Y CORAZON POR MEXICO,PRI,,HIDALGO
HIDALGO,HIDALGO,5,FUERZA Y CORAZON POR MEXICO,PAN,,HIDALGO
HIDALGO,HIDALGO,6,FUERZA Y CORAZON POR MEXICO,PRI,,HIDALGO
HIDALGO,HIDALGO,7,FUERZA Y CORAZON POR MEXICO,PRI,,HIDALGO
JALISCO,JALISCO,1,FUERZA Y CORAZON POR MEXICO,PAN,,JALISCO
JALISCO,JALISCO,2,FUERZA Y CORAZON POR MEXICO,PAN,,JALISCO
JALISCO,JALISCO,3,FUERZA Y CORAZON POR MEXICO,PAN,,JALISCO
JALISCO,JALISCO,4,FUERZA Y CORAZON POR MEXICO,PRI,,JALISCO
JALISCO,JALISCO,5,FUERZA Y CORAZON POR MEXICO,PRI,,JALISCO
JALISCO,JALISCO,6,FUERZA Y CORAZON POR MEXICO,PAN,,JALISCO
JALISCO,JALISCO,7,FUERZA Y CORAZON POR MEXICO,PRI,,JALISCO
JALISCO,JALISCO,8,FUERZA Y CORAZON POR MEXICO,PAN,,JALISCO
JALISCO,JALISCO,9,FUERZA Y CORAZON POR MEXICO,PRI,,JALISCO
JALISCO,JALISCO,10,FUERZA Y CORAZON POR MEXICO,PAN,,JALISCO
JALISCO,JALISCO,14,FUERZA Y CORAZON POR MEXICO,PRD,,JALISCO
JALISCO,JALISCO,12,FUERZA Y CORAZON POR MEXICO,PRD,,JALISCO
JALISCO,JALISCO,11,FUERZA Y CORAZON POR MEXICO,PRI,,JALISCO
JALISCO,JALISCO,13,FUERZA Y CORAZON POR MEXICO,PRI,,JALISCO
JALISCO,JALISCO,15,FUERZA Y CORAZON POR MEXICO,PAN,,JALISCO
JALISCO,JALISCO,16,FUERZA Y CORAZON POR MEXICO,PAN,,JALISCO
JALISCO,JALISCO,17,FUERZA Y CORAZON POR MEXICO,PAN,,JALISCO
JALISCO,JALISCO,18,FUERZA Y CORAZON POR MEXICO,PRI,,JALISCO
JALISCO,JALISCO,19,FUERZA Y CORAZON POR MEXICO,PRI,,JALISCO
JALISCO,JALISCO,20,FUERZA Y CORAZON POR MEXICO,PAN,,JALISCO
MEXICO,MEXICO,1,FUERZA Y CORAZON POR MEXICO,PRI,,MEXICO
MEXICO,MEXICO,2,FUERZA Y CORAZON POR MEXICO,PRD,,MEXICO
MEXICO,MEXICO,3,FUERZA Y CORAZON POR MEXICO,PRI,,MEXICO
MEXICO,MEXICO,4,FUERZA Y CORAZON POR MEXICO,PAN,,MEXICO
MEXICO,MEXICO,5,FUERZA Y CORAZON POR MEXICO,PAN,,MEXICO
MEXICO,MEXICO,6,FUERZA Y CORAZON POR MEXICO,PAN,,MEXICO
MEXICO,MEXICO,7,FUERZA Y CORAZON POR MEXICO,PAN,,MEXICO
MEXICO,MEXICO,8,FUERZA Y CORAZON POR MEXICO,PRI,,MEXICO
MEXICO,MEXICO,9,FUERZA Y CORAZON POR MEXICO,PRI,,MEXICO
MEXICO,MEXICO,10,FUERZA Y CORAZON POR MEXICO,PRI,,MEXICO
MEXICO,MEXICO,11,FUERZA Y CORAZON POR MEXICO,PRD,PAN|PRD|PRI,MEXICO
MEXICO,MEXICO,12,FUERZA Y CORAZON POR MEXICO,PRI,,MEXICO
MEXICO,MEXICO,13,FUERZA Y CORAZON POR MEXICO,PAN,,MEXICO
MEXICO,MEXICO,14,FUERZA Y CORAZON POR MEXICO,PRI,,MEXICO
MEXICO,MEXICO,15,FUERZA Y CORAZON POR MEXICO,PAN,,MEXICO
MEXICO,MEXICO,16,FUERZA Y CORAZON POR MEXICO,PRI,,MEXICO
MEXICO,MEXICO,17,FUERZA Y CORAZON POR MEXICO,PRI,,MEXICO
MEXICO,MEXICO,18,FUERZA Y CORAZON POR MEXICO,PAN,,MEXICO
MEXICO,MEXICO,19,FUERZA Y CORAZON POR MEXICO,PAN,,MEXICO
MEXICO,MEXICO,20,FUERZA Y CORAZON POR MEXICO,PRI,,MEXICO
MEXICO,MEXICO,21,FUERZA Y CORAZON POR MEXICO,PAN,,MEXICO
MEXICO,MEXICO,22,FUERZA Y CORAZON POR MEXICO,PAN,,MEXICO
MEXICO,MEXICO,23,FUERZA Y CORAZON POR MEXICO,PRI,,MEXICO
MEXICO,MEXICO,24,FUERZA Y CORAZON POR MEXICO,PAN,,MEXICO
MEXICO,MEXICO,26,FUERZA Y CORAZON POR MEXICO,PRI,,MEXICO
MEXICO,MEXICO,27,FUERZA Y CORAZON POR MEXICO,PRI,,MEXICO
MEXICO,MEXICO,28,FUERZA Y CORAZON POR MEXICO,PRD,,MEXICO
MEXICO,MEXICO,29,FUERZA Y CORAZON POR MEXICO,PRD,PAN|PRD|PRI,MEXICO
MEXICO,MEXICO,30,FUERZA Y CORAZON POR MEXICO,PRI,,MEXICO
MEXICO,MEXICO,31,FUERZA Y CORAZON POR MEXICO,PRD,PAN|PRD|PRI,MEXICO
MEXICO,MEXICO,33,FUERZA Y CORAZON POR MEXICO,PRI,,MEXICO
MEXICO,MEXICO,34,FUERZA Y CORAZON POR MEXICO,PAN,,MEXICO
MEXICO,MEXICO,35,FUERZA Y CORAZON POR MEXICO,PAN,,MEXICO
MEXICO,MEXICO,36,FUERZA Y CORAZON POR MEXICO,PRI,,MEXICO
MEXICO,MEXICO,37,FUERZA Y CORAZON POR MEXICO,PAN,,MEXICO
MEXICO,MEXICO,38,FUERZA Y CORAZON POR MEXICO,PRD,,MEXICO
MEXICO,MEXICO,39,FUERZA Y CORAZON POR MEXICO,PRI,,MEXICO
MEXICO,MEXICO,40,FUERZA Y CORAZON POR MEXICO,PAN,,MEXICO
MICHOACÁN,MICHOACAN,1,FUERZA Y CORAZON POR MEXICO,PRI,,MICHOACAN
MICHOACÁN,MICHOACAN,2,FUERZA Y CORAZON POR MEXICO,PRD,PAN|PRD|PRI,MICHOACAN
MICHOACÁN,MICHOACAN,3,FUERZA Y CORAZON POR MEXICO,PRD,,MICHOACAN
MICHOACÁN,MICHOACAN,4,FUERZA Y CORAZON POR MEXICO,PAN,,MICHOACAN
MICHOACÁN,MICHOACAN,5,FUERZA Y CORAZON POR MEXICO,PAN,,MICHOACAN
MICHOACÁN,MICHOACAN,6,FUERZA Y CORAZON POR MEXICO,PRI,,MICHOACAN
MICHOACÁN,MICHOACAN,7,FUERZA Y CORAZON POR MEXICO,PRD,,MICHOACAN
MICHOACÁN,MICHOACAN,8,FUERZA Y CORAZON POR MEXICO,PRI,,MICHOACAN
MICHOACÁN,MICHOACAN,9,FUERZA Y CORAZON POR MEXICO,PAN,,MICHOACAN
MICHOACÁN,MICHOACAN,10,FUERZA Y CORAZON POR MEXICO,PAN,,MICHOACAN
MICHOACÁN,MICHOACAN,11,FUERZA Y CORAZON POR MEXICO,PRD,,MICHOACAN
MORELOS,MORELOS,1,FUERZA Y CORAZON POR MEXICO,PAN,,MORELOS
MORELOS,MORELOS,2,FUERZA Y CORAZON POR MEXICO,PAN,,MORELOS
MORELOS,MORELOS,3,FUERZA Y CORAZON POR MEXICO,PRD,,MORELOS
MORELOS,MORELOS,4,FUERZA Y CORAZON POR MEXICO,PRD,,MORELOS
MORELOS,MORELOS,5,FUERZA Y CORAZON POR MEXICO,PRI,,MORELOS
NAYARIT,NAYARIT,1,FUERZA Y CORAZON POR MEXICO,PRI,,NAYARIT
NAYARIT,NAYARIT,2,FUERZA Y CORAZON POR MEXICO,PRD,,NAYARIT
NAYARIT,NAYARIT,3,FUERZA Y CORAZON POR MEXICO,PAN,,NAYARIT
NUEVO LEÓN,NUEVO LEON,1,FUERZA Y CORAZON POR MEXICO,PAN,,NUEVO LEON
NUEVO LEÓN,NUEVO LEON,2,FUERZA Y CORAZON POR MEXICO,PRI,,NUEVO LEON
NUEVO LEÓN,NUEVO LEON,3,FUERZA Y CORAZON POR MEXICO,PAN,,NUEVO LEON
NUEVO LEÓN,NUEVO LEON,4,FUERZA Y CORAZON POR MEXICO,PAN,,NUEVO LEON
NUEVO LEÓN,NUEVO LEON,5,FUERZA Y CORAZON POR MEXICO,PRI,,NUEVO LEON
NUEVO LEÓN,NUEVO LEON,6,FUERZA Y CORAZON POR MEXICO,PAN,,NUEVO LEON
NUEVO LEÓN,NUEVO LEON,7,FUERZA Y CORAZON POR MEXICO,PRD,,NUEVO LEON
NUEVO LEÓN,NUEVO LEON,8,FUERZA Y CORAZON POR MEXICO,PRI,,NUEVO LEON
NUEVO LEÓN,NUEVO LEON,9,FUERZA Y CORAZON POR MEXICO,PRI,,NUEVO LEON
NUEVO LEÓN,NUEVO LEON,10,FUERZA Y CORAZON POR MEXICO,PRI,,NUEVO LEON
NUEVO LEÓN,NUEVO LEON,11,FUERZA Y CORAZON POR MEXICO,PAN,,NUEVO LEON
NUEVO LEÓN,NUEVO LEON,12,FUERZA Y CORAZON POR MEXICO,PRI,,NUEVO LEON
NUEVO LEÓN,NUEVO LEON,13,FUERZA Y CORAZON POR MEXICO,PAN,,NUEVO LEON
NUEVO LEÓN,NUEVO LEON,14,FUERZA Y CORAZON POR MEXICO,PAN,,NUEVO LEON
OAXACA,OAXACA,1,FUERZA Y CORAZON POR MEXICO,PRI,,OAXACA
OAXACA,OAXACA,2,FUERZA Y CORAZON POR MEXICO,PRD,,OAXACA
OAXACA,OAXACA,3,FUERZA Y CORAZON POR MEXICO,PAN,,OAXACA
OAXACA,OAXACA,4,FUERZA Y CORAZON POR MEXICO,PRI,,OAXACA
OAXACA,OAXACA,5,FUERZA Y CORAZON POR MEXICO,PAN,,OAXACA
OAXACA,OAXACA,6,FUERZA Y CORAZON POR MEXICO,PRI,,OAXACA
OAXACA,OAXACA,7,FUERZA Y CORAZON POR MEXICO,PRI,,OAXACA
OAXACA,OAXACA,8,FUERZA Y CORAZON POR MEXICO,PRI,,OAXACA
OAXACA,OAXACA,9,FUERZA Y CORAZON POR MEXICO,PRD,,OAXACA
OAXACA,OAXACA,10,FUERZA Y CORAZON POR MEXICO,PAN,,OAXACA
PUEBLA,PUEBLA,1,FUERZA Y CORAZON POR MEXICO,PRI,,PUEBLA
PUEBLA,PUEBLA,2,FUERZA Y CORAZON POR MEXICO,PRI,,PUEBLA
PUEBLA,PUEBLA,3,FUERZA Y CORAZON POR MEXICO,PRI,,PUEBLA
PUEBLA,PUEBLA,4,FUERZA Y CORAZON POR MEXICO,PRI,,PUEBLA
PUEBLA,PUEBLA,5,FUERZA Y CORAZON POR MEXICO,PRD,,PUEBLA
PUEBLA,PUEBLA,6,FUERZA Y CORAZON POR MEXICO,PRD,,PUEBLA
PUEBLA,PUEBLA,7,FUERZA Y CORAZON POR MEXICO,PRD,,PUEBLA
PUEBLA,PUEBLA,8,FUERZA Y CORAZON POR MEXICO,PRI,,PUEBLA
PUEBLA,PUEBLA,9,FUERZA Y CORAZON POR MEXICO,PAN,,PUEBLA
PUEBLA,PUEBLA,11,FUERZA Y CORAZON POR MEXICO,PRI,,PUEBLA
PUEBLA,PUEBLA,12,FUERZA Y CORAZON POR MEXICO,PAN,,PUEBLA
PUEBLA,PUEBLA,10,FUERZA Y CORAZON POR MEXICO,PAN,,PUEBLA
PUEBLA,PUEBLA,13,FUERZA Y CORAZON POR MEXICO,PAN,,PUEBLA
PUEBLA,PUEBLA,14,FUERZA Y CORAZON POR MEXICO,PRI,,PUEBLA
PUEBLA,PUEBLA,15,FUERZA Y CORAZON POR MEXICO,PAN,,PUEBLA
PUEBLA,PUEBLA,16,FUERZA Y CORAZON POR MEXICO,PRD,,PUEBLA
QUERÉTARO,QUERETARO,1,FUERZA Y CORAZON POR MEXICO,PRI,,QUERETARO
QUERÉTARO,QUERETARO,2,FUERZA Y CORAZON POR MEXICO,PAN,,QUERETARO
QUERÉTARO,QUERETARO,3,FUERZA Y CORAZON POR MEXICO,PAN,,QUERETARO
QUERÉTARO,QUERETARO,4,FUERZA Y CORAZON POR MEXICO,PAN,,QUERETARO
QUERÉTARO,QUERETARO,5,FUERZA Y CORAZON POR MEXICO,PRI,,QUERETARO
QUERÉTARO,QUERETARO,6,FUERZA Y CORAZON POR MEXICO,PAN,,QUERETARO
QUINTANA ROO,QUINTANA ROO,1,FUERZA Y CORAZON POR MEXICO,PRD,,QUINTANA ROO
QUINTANA ROO,QUINTANA ROO,2,FUERZA Y CORAZON POR MEXICO,PRI,,QUINTANA ROO
QUINTANA ROO,QUINTANA ROO,3,FUERZA Y CORAZON POR MEXICO,PRI,,QUINTANA ROO
QUINTANA ROO,QUINTANA ROO,4,FUERZA Y CORAZON POR MEXICO,PRD,,QUINTANA ROO
SAN LUIS POTOSÍ,SAN LUIS POTOSI,1,FUERZA Y CORAZON POR MEXICO,PRI,,SAN LUIS POTOSI
SAN LUIS POTOSÍ,SAN LUIS POTOSI,2,FUERZA Y CORAZON POR MEXICO,PRD,,SAN LUIS POTOSI
SAN LUIS POTOSÍ,SAN LUIS POTOSI,3,FUERZA Y CORAZON POR MEXICO,PRI,,SAN LUIS POTOSI
SAN LUIS POTOSÍ,SAN LUIS POTOSI,4,FUERZA Y CORAZON POR MEXICO,PRD,,SAN LUIS POTOSI
SAN LUIS POTOSÍ,SAN LUIS POTOSI,5,FUERZA Y CORAZON POR MEXICO,PAN,,SAN LUIS POTOSI
SAN LUIS POTOSÍ,SAN LUIS POTOSI,6,FUERZA Y CORAZON POR MEXICO,PRI,,SAN LUIS POTOSI
SAN LUIS POTOSÍ,SAN LUIS POTOSI,7,FUERZA Y CORAZON POR MEXICO,PAN,,SAN LUIS POTOSI
SINALOA,SINALOA,1,FUERZA Y CORAZON POR MEXICO,PAN,,SINALOA
SINALOA,SINALOA,2,FUERZA Y CORAZON POR MEXICO,PAN,,SINALOA
SINALOA,SINALOA,3,FUERZA Y CORAZON POR MEXICO,PRI,,SINALOA
SINALOA,SINALOA,4,FUERZA Y CORAZON POR MEXICO,PRD,,SINALOA
SINALOA,SINALOA,5,FUERZA Y CORAZON POR MEXICO,PAN,,SINALOA
SINALOA,SINALOA,6,FUERZA Y CORAZON POR MEXICO,PRI,,SINALOA
SINALOA,SINALOA,7,FUERZA Y CORAZON POR MEXICO,PRI,,SINALOA
SONORA,SONORA,1,FUERZA Y CORAZON POR MEXICO,PAN,,SONORA
SONORA,SONORA,2,FUERZA Y CORAZON POR MEXICO,PRI,,SONORA
SONORA,SONORA,3,FUERZA Y CORAZON POR MEXICO,PAN,,SONORA
SONORA,SONORA,4,FUERZA Y CORAZON POR MEXICO,PRD,,SONORA
SONORA,SONORA,5,FUERZA Y CORAZON POR MEXICO,PRI,,SONORA
SONORA,SONORA,6,FUERZA Y CORAZON POR MEXICO,PAN,,SONORA
SONORA,SONORA,7,FUERZA Y CORAZON POR MEXICO,PRI,,SONORA
TABASCO,TABASCO,1,FUERZA Y CORAZON POR MEXICO,PRD,PAN|PRD|PRI,TABASCO
TABASCO,TABASCO,2,FUERZA Y CORAZON POR MEXICO,PRD,PAN|PRD|PRI,TABASCO
TABASCO,TABASCO,3,FUERZA Y CORAZON POR MEXICO,PRD,PAN|PRD|PRI,TABASCO
TABASCO,TABASCO,4,FUERZA Y CORAZON POR MEXICO,PRI,,TABASCO
TABASCO,TABASCO,5,FUERZA Y CORAZON POR MEXICO,PRD,PAN|PRD|PRI,TABASCO
TABASCO,TABASCO,6,FUERZA Y CORAZON POR MEXICO,PRI,,TABASCO
TAMAULIPAS,TAMAULIPAS,1,FUERZA Y CORAZON POR MEXICO,PAN,,TAMAULIPAS
TAMAULIPAS,TAMAULIPAS,2,FUERZA Y CORAZON POR MEXICO,PAN,,TAMAULIPAS
TAMAULIPAS,TAMAULIPAS,3,FUERZA Y CORAZON POR MEXICO,PRI,,TAMAULIPAS
TAMAULIPAS,TAMAULIPAS,4,FUERZA Y CORAZON POR MEXICO,PRD,,TAMAULIPAS
TAMAULIPAS,TAMAULIPAS,5,FUERZA Y CORAZON POR MEXICO,PRI,,TAMAULIPAS
TAMAULIPAS,TAMAULIPAS,6,FUERZA Y CORAZON POR MEXICO,PAN,,TAMAULIPAS
TAMAULIPAS,TAMAULIPAS,7,FUERZA Y CORAZON POR MEXICO,PRI,,TAMAULIPAS
TAMAULIPAS,TAMAULIPAS,8,FUERZA Y CORAZON POR MEXICO,PAN,,TAMAULIPAS
TLAXCALA,TLAXCALA,1,FUERZA Y CORAZON POR MEXICO,PAN,,TLAXCALA
TLAXCALA,TLAXCALA,2,FUERZA Y CORAZON POR MEXICO,PRI,,TLAXCALA
TLAXCALA,TLAXCALA,3,FUERZA Y CORAZON POR MEXICO,PRD,,TLAXCALA
VERACRUZ,VERACRUZ,1,FUERZA Y CORAZON POR MEXICO,PAN,,VERACRUZ
VERACRUZ,VERACRUZ,2,FUERZA Y CORAZON POR MEXICO,PRD,,VERACRUZ
VERACRUZ,VERACRUZ,3,FUERZA Y CORAZON POR MEXICO,PRI,,VERACRUZ
VERACRUZ,VERACRUZ,4,FUERZA Y CORAZON POR MEXICO,PAN,,VERACRUZ
VERACRUZ,VERACRUZ,5,FUERZA Y CORAZON POR MEXICO,PRD,,VERACRUZ
VERACRUZ,VERACRUZ,6,FUERZA Y CORAZON POR MEXICO,PRD,,VERACRUZ
VERACRUZ,VERACRUZ,7,FUERZA Y CORAZON POR MEXICO,PAN,,VERACRUZ
VERACRUZ,VERACRUZ,8,FUERZA Y CORAZON POR MEXICO,PAN,,VERACRUZ
VERACRUZ,VERACRUZ,9,FUERZA Y CORAZON POR MEXICO,PRI,,VERACRUZ
VERACRUZ,VERACRUZ,10,FUERZA Y CORAZON POR MEXICO,PRI,,VERACRUZ
VERACRUZ,VERACRUZ,11,FUERZA Y CORAZON POR MEXICO,PRI,,VERACRUZ
VERACRUZ,VERACRUZ,12,FUERZA Y CORAZON POR MEXICO,PAN,,VERACRUZ
VERACRUZ,VERACRUZ,13,FUERZA Y CORAZON POR MEXICO,PAN,,VERACRUZ
VERACRUZ,VERACRUZ,14,FUERZA Y CORAZON POR MEXICO,PRD,,VERACRUZ
VERACRUZ,VERACRUZ,15,FUERZA Y CORAZON POR MEXICO,PRI,,VERACRUZ
VERACRUZ,VERACRUZ,16,FUERZA Y CORAZON POR MEXICO,PAN,,VERACRUZ
VERACRUZ,VERACRUZ,17,FUERZA Y CORAZON POR MEXICO,PAN,,VERACRUZ
VERACRUZ,VERACRUZ,18,FUERZA Y CORAZON POR MEXICO,PRD,,VERACRUZ
VERACRUZ,VERACRUZ,19,FUERZA Y CORAZON POR MEXICO,PRD,,VERACRUZ
YUCATÁN,YUCATAN,1,FUERZA Y CORAZON POR MEXICO,PAN,,YUCATAN
YUCATÁN,YUCATAN,2,FUERZA Y CORAZON POR MEXICO,PAN,,YUCATAN
YUCATÁN,YUCATAN,3,FUERZA Y CORAZON POR MEXICO,PRI,,YUCATAN
YUCATÁN,YUCATAN,4,FUERZA Y CORAZON POR MEXICO,PAN,,YUCATAN
YUCATÁN,YUCATAN,5,FUERZA Y CORAZON POR MEXICO,PRI,,YUCATAN
YUCATÁN,YUCATAN,6,FUERZA Y CORAZON POR MEXICO,PAN,,YUCATAN
ZACATECAS,ZACATECAS,1,FUERZA Y CORAZON POR MEXICO,PRI,,ZACATECAS
ZACATECAS,ZACATECAS,2,FUERZA Y CORAZON POR MEXICO,PAN,,ZACATECAS
ZACATECAS,ZACATECAS,3,FUERZA Y CORAZON POR MEXICO,PRD,,ZACATECAS
ZACATECAS,ZACATECAS,4,FUERZA Y CORAZON POR MEXICO,PRI,,ZACATECAS
AGUASCALIENTES,AGUASCALIENTES,1,SIGAMOS HACIENDO HISTORIA,PVEM,,AGUASCALIENTES
AGUASCALIENTES,AGUASCALIENTES,2,SIGAMOS HACIENDO HISTORIA,MORENA,,AGUASCALIENTES
AGUASCALIENTES,AGUASCALIENTES,3,SIGAMOS HACIENDO HISTORIA,MORENA,,AGUASCALIENTES
BAJA CALIFORNIA,BAJA CALIFORNIA,8,SIGAMOS HACIENDO HISTORIA,PVEM,,BAJA CALIFORNIA
BAJA CALIFORNIA SUR,BAJA CALIFORNIA SUR,1,SIGAMOS HACIENDO HISTORIA,PVEM,,BAJA CALIFORNIA SUR
BAJA CALIFORNIA SUR,BAJA CALIFORNIA SUR,2,SIGAMOS HACIENDO HISTORIA,PT,,BAJA CALIFORNIA SUR
CAMPECHE,CAMPECHE,1,SIGAMOS HACIENDO HISTORIA,MORENA,,CAMPECHE
CAMPECHE,CAMPECHE,2,SIGAMOS HACIENDO HISTORIA,MORENA,,CAMPECHE
COAHUILA,COAHUILA,1,SIGAMOS HACIENDO HISTORIA,PT,,COAHUILA
COAHUILA,COAHUILA,2,SIGAMOS HACIENDO HISTORIA,MORENA,,COAHUILA
COAHUILA,COAHUILA,3,SIGAMOS HACIENDO HISTORIA,PT,,COAHUILA
COAHUILA,COAHUILA,4,SIGAMOS HACIENDO HISTORIA,PT,,COAHUILA
COAHUILA,COAHUILA,5,SIGAMOS HACIENDO HISTORIA,PVEM,,COAHUILA
COAHUILA,COAHUILA,6,SIGAMOS HACIENDO HISTORIA,MORENA,,COAHUILA
COAHUILA,COAHUILA,7,SIGAMOS HACIENDO HISTORIA,MORENA,,COAHUILA
COAHUILA,COAHUILA,8,SIGAMOS HACIENDO HISTORIA,PVEM,,COAHUILA
COLIMA,COLIMA,1,SIGAMOS HACIENDO HISTORIA,MORENA,,COLIMA
COLIMA,COLIMA,2,SIGAMOS HACIENDO HISTORIA,MORENA,,COLIMA
CHIAPAS,CHIAPAS,1,SIGAMOS HACIENDO HISTORIA,PT,,CHIAPAS
CHIAPAS,CHIAPAS,2,SIGAMOS HACIENDO HISTORIA,MORENA,,CHIAPAS
CHIAPAS,CHIAPAS,3,SIGAMOS HACIENDO HISTORIA,MORENA,,CHIAPAS
CHIAPAS,CHIAPAS,4,SIGAMOS HACIENDO HISTORIA,MORENA,,CHIAPAS
CHIAPAS,CHIAPAS,5,SIGAMOS HACIENDO HISTORIA,MORENA,,CHIAPAS
CHIAPAS,CHIAPAS,6,SIGAMOS HACIENDO HISTORIA,MORENA,,CHIAPAS
CHIAPAS,CHIAPAS,8,SIGAMOS HACIENDO HISTORIA,PT,,CHIAPAS
CHIAPAS,CHIAPAS,9,SIGAMOS HACIENDO HISTORIA,MORENA,,CHIAPAS
CHIAPAS,CHIAPAS,10,SIGAMOS HACIENDO HISTORIA,PVEM,,CHIAPAS
CHIAPAS,CHIAPAS,11,SIGAMOS HACIENDO HISTORIA,PVEM,,CHIAPAS
CHIAPAS,CHIAPAS,13,SIGAMOS HACIENDO HISTORIA,PVEM,,CHIAPAS
CHIHUAHUA,CHIHUAHUA,1,SIGAMOS HACIENDO HISTORIA,MORENA,,CHIHUAHUA
CHIHUAHUA,CHIHUAHUA,2,SIGAMOS HACIENDO HISTORIA,MORENA,,CHIHUAHUA
CHIHUAHUA,CHIHUAHUA,3,SIGAMOS HACIENDO HISTORIA,PT,,CHIHUAHUA
CHIHUAHUA,CHIHUAHUA,4,SIGAMOS HACIENDO HISTORIA,PVEM,,CHIHUAHUA
CHIHUAHUA,CHIHUAHUA,5,SIGAMOS HACIENDO HISTORIA,MORENA,,CHIHUAHUA
CHIHUAHUA,CHIHUAHUA,6,SIGAMOS HACIENDO HISTORIA,MORENA,,CHIHUAHUA
CHIHUAHUA,CHIHUAHUA,7,SIGAMOS HACIENDO HISTORIA,PT,,CHIHUAHUA
CHIHUAHUA,CHIHUAHUA,8,SIGAMOS HACIENDO HISTORIA,PVEM,,CHIHUAHUA
CHIHUAHUA,CHIHUAHUA,9,SIGAMOS HACIENDO HISTORIA,PVEM,,CHIHUAHUA
CIUDAD DE MÉXICO,CIUDAD DE MEXICO,1,SIGAMOS HACIENDO HISTORIA,MORENA,,CIUDAD DE MEXICO
CIUDAD DE MÉXICO,CIUDAD DE MEXICO,2,SIGAMOS HACIENDO HISTORIA,PT,,CIUDAD DE MEXICO
CIUDAD DE MÉXICO,CIUDAD DE MEXICO,3,SIGAMOS HACIENDO HISTORIA,MORENA,,CIUDAD DE MEXICO
CIUDAD DE MÉXICO,CIUDAD DE MEXICO,4,SIGAMOS HACIENDO HISTORIA,MORENA,,CIUDAD DE MEXICO
CIUDAD DE MÉXICO,CIUDAD DE MEXICO,5,SIGAMOS HACIENDO HISTORIA,MORENA,,CIUDAD DE MEXICO
CIUDAD DE MÉXICO,CIUDAD DE MEXICO,6,SIGAMOS HACIENDO HISTORIA,MORENA,,CIUDAD DE MEXICO
CIUDAD DE MÉXICO,CIUDAD DE MEXICO,7,SIGAMOS HACIENDO HISTORIA,MORENA,,CIUDAD DE MEXICO
CIUDAD DE MÉXICO,CIUDAD DE MEXICO,8,SIGAMOS HACIENDO HISTORIA,PVEM,,CIUDAD DE MEXICO
CIUDAD DE MÉXICO,CIUDAD DE MEXICO,9,SIGAMOS HACIENDO HISTORIA,MORENA,,CIUDAD DE MEXICO
CIUDAD DE MÉXICO,CIUDAD DE MEXICO,10,SIGAMOS HACIENDO HISTORIA,MORENA,,CIUDAD DE MEXICO
CIUDAD DE MÉXICO,CIUDAD DE MEXICO,11,SIGAMOS HACIENDO HISTORIA,MORENA,,CIUDAD DE MEXICO
CIUDAD DE MÉXICO,CIUDAD DE MEXICO,12,SIGAMOS HACIENDO HISTORIA,MORENA,,CIUDAD DE MEXICO
CIUDAD DE MÉXICO,CIUDAD DE MEXICO,13,SIGAMOS HACIENDO HISTORIA,MORENA,,CIUDAD DE MEXICO
CIUDAD DE MÉXICO,CIUDAD DE MEXICO,14,SIGAMOS HACIENDO HISTORIA,MORENA,,CIUDAD DE MEXICO
CIUDAD DE MÉXICO,CIUDAD DE MEXICO,15,SIGAMOS HACIENDO HISTORIA,PVEM,,CIUDAD DE MEXICO
CIUDAD DE MÉXICO,CIUDAD DE MEXICO,16,SIGAMOS HACIENDO HISTORIA,MORENA,,CIUDAD DE MEXICO
CIUDAD DE MÉXICO,CIUDAD DE MEXICO,17,SIGAMOS HACIENDO HISTORIA,PVEM,,CIUDAD DE MEXICO
CIUDAD DE MÉXICO,CIUDAD DE MEXICO,18,SIGAMOS HACIENDO HISTORIA,MORENA,,CIUDAD DE MEXICO
CIUDAD DE MÉXICO,CIUDAD DE MEXICO,19,SIGAMOS HACIENDO HISTORIA,PVEM,,CIUDAD DE MEXICO
CIUDAD DE MÉXICO,CIUDAD DE MEXICO,20,SIGAMOS HACIENDO HISTORIA,PT,,CIUDAD DE MEXICO
CIUDAD DE MÉXICO,CIUDAD DE MEXICO,21,SIGAMOS HACIENDO HISTORIA,MORENA,,CIUDAD DE MEXICO
CIUDAD DE MÉXICO,CIUDAD DE MEXICO,22,SIGAMOS HACIENDO HISTORIA,MORENA,,CIUDAD DE MEXICO
DURANGO,DURANGO,1,SIGAMOS HACIENDO HISTORIA,MORENA,,DURANGO
DURANGO,DURANGO,2,SIGAMOS HACIENDO HISTORIA,PT,,DURANGO
DURANGO,DURANGO,3,SIGAMOS HACIENDO HISTORIA,PVEM,,DURANGO
DURANGO,DURANGO,4,SIGAMOS HACIENDO HISTORIA,PT,,DURANGO
GUANAJUATO,GUANAJUATO,1,SIGAMOS HACIENDO HISTORIA,PT,,GUANAJUATO
GUANAJUATO,GUANAJUATO,2,SIGAMOS HACIENDO HISTORIA,MORENA,,GUANAJUATO
GUANAJUATO,GUANAJUATO,3,SIGAMOS HACIENDO HISTORIA,PVEM,,GUANAJUATO
GUANAJUATO,GUANAJUATO,4,SIGAMOS HACIENDO HISTORIA,MORENA,,GUANAJUATO
GUANAJUATO,GUANAJUATO,5,SIGAMOS HACIENDO HISTORIA,PVEM,,GUANAJUATO
GUANAJUATO,GUANAJUATO,6,SIGAMOS HACIENDO HISTORIA,MORENA,,GUANAJUATO
GUANAJUATO,GUANAJUATO,7,SIGAMOS HACIENDO HISTORIA,PVEM,,GUANAJUATO
GUANAJUATO,GUANAJUATO,8,SIGAMOS HACIENDO HISTORIA,MORENA,,GUANAJUATO
GUANAJUATO,GUANAJUATO,9,SIGAMOS HACIENDO HISTORIA,PVEM,,GUANAJUATO
GUANAJUATO,GUANAJUATO,10,SIGAMOS HACIENDO HISTORIA,MORENA,,GUANAJUATO
GUANAJUATO,GUANAJUATO,11,SIGAMOS HACIENDO HISTORIA,MORENA,,GUANAJUATO
GUANAJUATO,GUANAJUATO,12,SIGAMOS HACIENDO HISTORIA,MORENA,,GUANAJUATO
GUANAJUATO,GUANAJUATO,13,SIGAMOS HACIENDO HISTORIA,MORENA,,GUANAJUATO
GUANAJUATO,GUANAJUATO,14,SIGAMOS HACIENDO HISTORIA,MORENA,,GUANAJUATO
GUANAJUATO,GUANAJUATO,15,SIGAMOS HACIENDO HISTORIA,MORENA,,GUANAJUATO
GUERRERO,GUERRERO,1,SIGAMOS HACIENDO HISTORIA,MORENA,,GUERRERO
GUERRERO,GUERRERO,2,SIGAMOS HACIENDO HISTORIA,MORENA,,GUERRERO
GUERRERO,GUERRERO,3,SIGAMOS HACIENDO HISTORIA,PVEM,,GUERRERO
GUERRERO,GUERRERO,4,SIGAMOS HACIENDO HISTORIA,MORENA,,GUERRERO
GUERRERO,GUERRERO,5,SIGAMOS HACIENDO HISTORIA,PT,,GUERRERO
GUERRERO,GUERRERO,6,SIGAMOS HACIENDO HISTORIA,PVEM,,GUERRERO
GUERRERO,GUERRERO,7,SIGAMOS HACIENDO HISTORIA,MORENA,,GUERRERO
GUERRERO,GUERRERO,8,SIGAMOS HACIENDO HISTORIA,PVEM,,GUERRERO
HIDALGO,HIDALGO,2,SIGAMOS HACIENDO HISTORIA,PVEM,,HIDALGO
JALISCO,JALISCO,1,SIGAMOS HACIENDO HISTORIA,PT,,JALISCO
JALISCO,JALISCO,2,SIGAMOS HACIENDO HISTORIA,MORENA,,JALISCO
JALISCO,JALISCO,4,SIGAMOS HACIENDO HISTORIA,MORENA,,JALISCO
JALISCO,JALISCO,6,SIGAMOS HACIENDO HISTORIA,MORENA,,JALISCO
JALISCO,JALISCO,7,SIGAMOS HACIENDO HISTORIA,MORENA,,JALISCO
JALISCO,JALISCO,8,SIGAMOS HACIENDO HISTORIA,PT,,JALISCO
JALISCO,JALISCO,9,SIGAMOS HACIENDO HISTORIA,MORENA,,JALISCO
JALISCO,JALISCO,10,SIGAMOS HACIENDO HISTORIA,PVEM,,JALISCO
JALISCO,JALISCO,11,SIGAMOS HACIENDO HISTORIA,MORENA,,JALISCO
JALISCO,JALISCO,12,SIGAMOS HACIENDO HISTORIA,MORENA,,JALISCO
JALISCO,JALISCO,13,SIGAMOS HACIENDO HISTORIA,PT,,JALISCO
JALISCO,JALISCO,14,SIGAMOS HACIENDO HISTORIA,PVEM,,JALISCO
JALISCO,JALISCO,15,SIGAMOS HACIENDO HISTORIA,MORENA,,JALISCO
JALISCO,JALISCO,16,SIGAMOS HACIENDO HISTORIA,MORENA,,JALISCO
JALISCO,JALISCO,17,SIGAMOS HACIENDO HISTORIA,PVEM,,JALISCO
JALISCO,JALISCO,18,SIGAMOS HACIENDO HISTORIA,MORENA,,JALISCO
JALISCO,JALISCO,19,SIGAMOS HACIENDO HISTORIA,MORENA,,JALISCO
JALISCO,JALISCO,20,SIGAMOS HACIENDO HISTORIA,MORENA,,JALISCO
MÉXICO,MEXICO,1,SIGAMOS HACIENDO HISTORIA,PVEM,,MEXICO
MÉXICO,MEXICO,2,SIGAMOS HACIENDO HISTORIA,PT,,MEXICO
MÉXICO,MEXICO,3,SIGAMOS HACIENDO HISTORIA,PT,,MEXICO
MÉXICO,MEXICO,4,SIGAMOS HACIENDO HISTORIA,MORENA,,MEXICO
MÉXICO,MEXICO,5,SIGAMOS HACIENDO HISTORIA,PT,,MEXICO
MÉXICO,MEXICO,6,SIGAMOS HACIENDO HISTORIA,MORENA,,MEXICO
MÉXICO,MEXICO,7,SIGAMOS HACIENDO HISTORIA,MORENA,,MEXICO
MÉXICO,MEXICO,8,SIGAMOS HACIENDO HISTORIA,MORENA,,MEXICO
MÉXICO,MEXICO,9,SIGAMOS HACIENDO HISTORIA,PVEM,,MEXICO
MÉXICO,MEXICO,10,SIGAMOS HACIENDO HISTORIA,MORENA,,MEXICO
MÉXICO,MEXICO,12,SIGAMOS HACIENDO HISTORIA,MORENA,,MEXICO
MÉXICO,MEXICO,14,SIGAMOS HACIENDO HISTORIA,MORENA,,MEXICO
MÉXICO,MEXICO,15,SIGAMOS HACIENDO HISTORIA,MORENA,,MEXICO
MÉXICO,MEXICO,16,SIGAMOS HACIENDO HISTORIA,PT,,MEXICO
MÉXICO,MEXICO,18,SIGAMOS HACIENDO HISTORIA,PVEM,,MEXICO
MÉXICO,MEXICO,19,SIGAMOS HACIENDO HISTORIA,MORENA,,MEXICO
MÉXICO,MEXICO,20,SIGAMOS HACIENDO HISTORIA,PVEM,,MEXICO
MÉXICO,MEXICO,21,SIGAMOS HACIENDO HISTORIA,MORENA,,MEXICO
MÉXICO,MEXICO,22,SIGAMOS HACIENDO HISTORIA,MORENA,,MEXICO
MÉXICO,MEXICO,23,SIGAMOS HACIENDO HISTORIA,PVEM,,MEXICO
MÉXICO,MEXICO,24,SIGAMOS HACIENDO HISTORIA,PVEM,,MEXICO
MÉXICO,MEXICO,25,SIGAMOS HACIENDO HISTORIA,MORENA,,MEXICO
MÉXICO,MEXICO,26,SIGAMOS HACIENDO HISTORIA,PVEM,,MEXICO
MÉXICO,MEXICO,27,SIGAMOS HACIENDO HISTORIA,PT,,MEXICO
MÉXICO,MEXICO,28,SIGAMOS HACIENDO HISTORIA,MORENA,,MEXICO
MÉXICO,MEXICO,30,SIGAMOS HACIENDO HISTORIA,MORENA,,MEXICO
MÉXICO,MEXICO,32,SIGAMOS HACIENDO HISTORIA,PT,,MEXICO
MÉXICO,MEXICO,34,SIGAMOS HACIENDO HISTORIA,MORENA,,MEXICO
MÉXICO,MEXICO,35,SIGAMOS HACIENDO HISTORIA,MORENA,,MEXICO
MÉXICO,MEXICO,36,SIGAMOS HACIENDO HISTORIA,MORENA,,MEXICO
MÉXICO,MEXICO,37,SIGAMOS HACIENDO HISTORIA,MORENA,,MEXICO
MÉXICO,MEXICO,38,SIGAMOS HACIENDO HISTORIA,PVEM,,MEXICO
MÉXICO,MEXICO,39,SIGAMOS HACIENDO HISTORIA,PT,,MEXICO
MÉXICO,MEXICO,40,SIGAMOS HACIENDO HISTORIA,PVEM,,MEXICO
MICHOACÁN,MICHOACAN,3,SIGAMOS HACIENDO HISTORIA,PT,,MICHOACAN
MICHOACÁN,MICHOACAN,4,SIGAMOS HACIENDO HISTORIA,MORENA,,MICHOACAN
MICHOACÁN,MICHOACAN,5,SIGAMOS HACIENDO HISTORIA,MORENA,,MICHOACAN
MICHOACÁN,MICHOACAN,6,SIGAMOS HACIENDO HISTORIA,PT,,MICHOACAN
MICHOACÁN,MICHOACAN,7,SIGAMOS HACIENDO HISTORIA,MORENA,,MICHOACAN
MICHOACÁN,MICHOACAN,8,SIGAMOS HACIENDO HISTORIA,PVEM,,MICHOACAN
MICHOACÁN,MICHOACAN,9,SIGAMOS HACIENDO HISTORIA,PVEM,,MICHOACAN
MICHOACÁN,MICHOACAN,10,SIGAMOS HACIENDO HISTORIA,MORENA,,MICHOACAN
MICHOACÁN,MICHOACAN,11,SIGAMOS HACIENDO HISTORIA,PT,,MICHOACAN
MORELOS,MORELOS,1,SIGAMOS HACIENDO HISTORIA,MORENA,,MORELOS
MORELOS,MORELOS,2,SIGAMOS HACIENDO HISTORIA,MORENA,,MORELOS
MORELOS,MORELOS,3,SIGAMOS HACIENDO HISTORIA,PVEM,,MORELOS
MORELOS,MORELOS,4,SIGAMOS HACIENDO HISTORIA,MORENA,,MORELOS
MORELOS,MORELOS,5,SIGAMOS HACIENDO HISTORIA,MORENA,,MORELOS
NAYARIT,NAYARIT,1,SIGAMOS HACIENDO HISTORIA,MORENA,,NAYARIT
NAYARIT,NAYARIT,2,SIGAMOS HACIENDO HISTORIA,MORENA,,NAYARIT
NAYARIT,NAYARIT,3,SIGAMOS HACIENDO HISTORIA,PT,,NAYARIT
NUEVO LEÓN,NUEVO LEON,1,SIGAMOS HACIENDO HISTORIA,PVEM,,NUEVO LEON
NUEVO LEÓN,NUEVO LEON,2,SIGAMOS HACIENDO HISTORIA,MORENA,,NUEVO LEON
NUEVO LEÓN,NUEVO LEON,3,SIGAMOS HACIENDO HISTORIA,PT,,NUEVO LEON
NUEVO LEÓN,NUEVO LEON,4,SIGAMOS HACIENDO HISTORIA,MORENA,,NUEVO LEON
NUEVO LEÓN,NUEVO LEON,5,SIGAMOS HACIENDO HISTORIA,PT,,NUEVO LEON
NUEVO LEÓN,NUEVO LEON,6,SIGAMOS HACIENDO HISTORIA,PT,,NUEVO LEON
NUEVO LEÓN,NUEVO LEON,7,SIGAMOS HACIENDO HISTORIA,PVEM,,NUEVO LEON
NUEVO LEÓN,NUEVO LEON,8,SIGAMOS HACIENDO HISTORIA,MORENA,,NUEVO LEON
NUEVO LEÓN,NUEVO LEON,9,SIGAMOS HACIENDO HISTORIA,PT,,NUEVO LEON
NUEVO LEÓN,NUEVO LEON,10,SIGAMOS HACIENDO HISTORIA,MORENA,,NUEVO LEON
NUEVO LEÓN,NUEVO LEON,11,SIGAMOS HACIENDO HISTORIA,MORENA,,NUEVO LEON
NUEVO LEÓN,NUEVO LEON,12,SIGAMOS HACIENDO HISTORIA,PVEM,,NUEVO LEON
NUEVO LEÓN,NUEVO LEON,13,SIGAMOS HACIENDO HISTORIA,PVEM,,NUEVO LEON
NUEVO LEÓN,NUEVO LEON,14,SIGAMOS HACIENDO HISTORIA,PT,,NUEVO LEON
OAXACA,OAXACA,1,SIGAMOS HACIENDO HISTORIA,MORENA,,OAXACA
OAXACA,OAXACA,2,SIGAMOS HACIENDO HISTORIA,MORENA,,OAXACA
OAXACA,OAXACA,3,SIGAMOS HACIENDO HISTORIA,PT,,OAXACA
OAXACA,OAXACA,6,SIGAMOS HACIENDO HISTORIA,PT,,OAXACA
OAXACA,OAXACA,7,SIGAMOS HACIENDO HISTORIA,PVEM,,OAXACA
OAXACA,OAXACA,8,SIGAMOS HACIENDO HISTORIA,PVEM,,OAXACA
OAXACA,OAXACA,9,SIGAMOS HACIENDO HISTORIA,PVEM,,OAXACA
PUEBLA,PUEBLA,1,SIGAMOS HACIENDO HISTORIA,MORENA,,PUEBLA
PUEBLA,PUEBLA,2,SIGAMOS HACIENDO HISTORIA,PVEM,,PUEBLA
PUEBLA,PUEBLA,3,SIGAMOS HACIENDO HISTORIA,MORENA,,PUEBLA
PUEBLA,PUEBLA,4,SIGAMOS HACIENDO HISTORIA,MORENA,,PUEBLA
PUEBLA,PUEBLA,5,SIGAMOS HACIENDO HISTORIA,MORENA,,PUEBLA
PUEBLA,PUEBLA,6,SIGAMOS HACIENDO HISTORIA,MORENA,,PUEBLA
PUEBLA,PUEBLA,7,SIGAMOS HACIENDO HISTORIA,MORENA,,PUEBLA
PUEBLA,PUEBLA,8,SIGAMOS HACIENDO HISTORIA,MORENA,,PUEBLA
PUEBLA,PUEBLA,9,SIGAMOS HACIENDO HISTORIA,PVEM,,PUEBLA
PUEBLA,PUEBLA,10,SIGAMOS HACIENDO HISTORIA,MORENA,,PUEBLA
PUEBLA,PUEBLA,11,SIGAMOS HACIENDO HISTORIA,PT,,PUEBLA
PUEBLA,PUEBLA,12,SIGAMOS HACIENDO HISTORIA,PT,,PUEBLA
PUEBLA,PUEBLA,13,SIGAMOS HACIENDO HISTORIA,MORENA,,PUEBLA
PUEBLA,PUEBLA,14,SIGAMOS HACIENDO HISTORIA,MORENA,,PUEBLA
PUEBLA,PUEBLA,15,SIGAMOS HACIENDO HISTORIA,MORENA,,PUEBLA
PUEBLA,PUEBLA,16,SIGAMOS HACIENDO HISTORIA,PVEM,,PUEBLA
QUERÉTARO,QUERETARO,1,SIGAMOS HACIENDO HISTORIA,MORENA,,QUERETARO
QUERÉTARO,QUERETARO,2,SIGAMOS HACIENDO HISTORIA,PVEM,,QUERETARO
QUERÉTARO,QUERETARO,5,SIGAMOS HACIENDO HISTORIA,MORENA,,QUERETARO
QUERÉTARO,QUERETARO,6,SIGAMOS HACIENDO HISTORIA,MORENA,,QUERETARO
QUINTANA ROO,QUINTANA ROO,1,SIGAMOS HACIENDO HISTORIA,PVEM,,QUINTANA ROO
QUINTANA ROO,QUINTANA ROO,2,SIGAMOS HACIENDO HISTORIA,MORENA,,QUINTANA ROO
QUINTANA ROO,QUINTANA ROO,4,SIGAMOS HACIENDO HISTORIA,MORENA,,QUINTANA ROO
SAN LUIS POTOSÍ,SAN LUIS POTOSI,1,SIGAMOS HACIENDO HISTORIA,MORENA,,SAN LUIS POTOSI
SAN LUIS POTOSÍ,SAN LUIS POTOSI,2,SIGAMOS HACIENDO HISTORIA,PVEM,,SAN LUIS POTOSI
SAN LUIS POTOSÍ,SAN LUIS POTOSI,3,SIGAMOS HACIENDO HISTORIA,PVEM,,SAN LUIS POTOSI
SAN LUIS POTOSÍ,SAN LUIS POTOSI,4,SIGAMOS HACIENDO HISTORIA,MORENA,,SAN LUIS POTOSI
SAN LUIS POTOSÍ,SAN LUIS POTOSI,5,SIGAMOS HACIENDO HISTORIA,PVEM,,SAN LUIS POTOSI
SAN LUIS POTOSÍ,SAN LUIS POTOSI,6,SIGAMOS HACIENDO HISTORIA,PVEM,,SAN LUIS POTOSI
SAN LUIS POTOSÍ,SAN LUIS POTOSI,7,SIGAMOS HACIENDO HISTORIA,MORENA,,SAN LUIS POTOSI
SINALOA,SINALOA,1,SIGAMOS HACIENDO HISTORIA,PVEM,,SINALOA
SINALOA,SINALOA,3,SIGAMOS HACIENDO HISTORIA,PT,,SINALOA
SINALOA,SINALOA,4,SIGAMOS HACIENDO HISTORIA,PVEM,,SINALOA
SINALOA,SINALOA,5,SIGAMOS HACIENDO HISTORIA,MORENA,,SINALOA
SINALOA,SINALOA,7,SIGAMOS HACIENDO HISTORIA,MORENA,,SINALOA
SONORA,SONORA,1,SIGAMOS HACIENDO HISTORIA,MORENA,,SONORA
SONORA,SONORA,2,SIGAMOS HACIENDO HISTORIA,MORENA,,SONORA
SONORA,SONORA,3,SIGAMOS HACIENDO HISTORIA,PT,,SONORA
SONORA,SONORA,4,SIGAMOS HACIENDO HISTORIA,PT,,SONORA
SONORA,SONORA,5,SIGAMOS HACIENDO HISTORIA,MORENA,,SONORA
SONORA,SONORA,6,SIGAMOS HACIENDO HISTORIA,PVEM,,SONORA
SONORA,SONORA,7,SIGAMOS HACIENDO HISTORIA,MORENA,,SONORA
TAMAULIPAS,TAMAULIPAS,1,SIGAMOS HACIENDO HISTORIA,PVEM,,TAMAULIPAS
TAMAULIPAS,TAMAULIPAS,2,SIGAMOS HACIENDO HISTORIA,MORENA,,TAMAULIPAS
TAMAULIPAS,TAMAULIPAS,3,SIGAMOS HACIENDO HISTORIA,PVEM,,TAMAULIPAS
TAMAULIPAS,TAMAULIPAS,4,SIGAMOS HACIENDO HISTORIA,PVEM,,TAMAULIPAS
TAMAULIPAS,TAMAULIPAS,5,SIGAMOS HACIENDO HISTORIA,PVEM,,TAMAULIPAS
TAMAULIPAS,TAMAULIPAS,6,SIGAMOS HACIENDO HISTORIA,MORENA,,TAMAULIPAS
TAMAULIPAS,TAMAULIPAS,7,SIGAMOS HACIENDO HISTORIA,MORENA,,TAMAULIPAS
TAMAULIPAS,TAMAULIPAS,8,SIGAMOS HACIENDO HISTORIA,PT,,TAMAULIPAS
TLAXCALA,TLAXCALA,1,SIGAMOS HACIENDO HISTORIA,PT,,TLAXCALA
TLAXCALA,TLAXCALA,2,SIGAMOS HACIENDO HISTORIA,PVEM,,TLAXCALA
TLAXCALA,TLAXCALA,3,SIGAMOS HACIENDO HISTORIA,PT,,TLAXCALA
VERACRUZ,VERACRUZ,1,SIGAMOS HACIENDO HISTORIA,PVEM,,VERACRUZ
VERACRUZ,VERACRUZ,2,SIGAMOS HACIENDO HISTORIA,PVEM,,VERACRUZ
VERACRUZ,VERACRUZ,3,SIGAMOS HACIENDO HISTORIA,PVEM,,VERACRUZ
VERACRUZ,VERACRUZ,4,SIGAMOS HACIENDO HISTORIA,MORENA,,VERACRUZ
VERACRUZ,VERACRUZ,5,SIGAMOS HACIENDO HISTORIA,MORENA,,VERACRUZ
VERACRUZ,VERACRUZ,6,SIGAMOS HACIENDO HISTORIA,MORENA,,VERACRUZ
VERACRUZ,VERACRUZ,7,SIGAMOS HACIENDO HISTORIA,MORENA,,VERACRUZ
VERACRUZ,VERACRUZ,9,SIGAMOS HACIENDO HISTORIA,PT,,VERACRUZ
VERACRUZ,VERACRUZ,10,SIGAMOS HACIENDO HISTORIA,MORENA,,VERACRUZ
VERACRUZ,VERACRUZ,11,SIGAMOS HACIENDO HISTORIA,MORENA,,VERACRUZ
VERACRUZ,VERACRUZ,12,SIGAMOS HACIENDO HISTORIA,MORENA,,VERACRUZ
VERACRUZ,VERACRUZ,13,SIGAMOS HACIENDO HISTORIA,PVEM,,VERACRUZ
VERACRUZ,VERACRUZ,14,SIGAMOS HACIENDO HISTORIA,MORENA,,VERACRUZ
VERACRUZ,VERACRUZ,15,SIGAMOS HACIENDO HISTORIA,MORENA,,VERACRUZ
VERACRUZ,VERACRUZ,16,SIGAMOS HACIENDO HISTORIA,MORENA,,VERACRUZ
VERACRUZ,VERACRUZ,17,SIGAMOS HACIENDO HISTORIA,MORENA,,VERACRUZ
VERACRUZ,VERACRUZ,18,SIGAMOS HACIENDO HISTORIA,PVEM,,VERACRUZ
VERACRUZ,VERACRUZ,19,SIGAMOS HACIENDO HISTORIA,MORENA,,VERACRUZ
YUCATÁN,YUCATAN,1,SIGAMOS HACIENDO HISTORIA,MORENA,,YUCATAN
YUCATÁN,YUCATAN,2,SIGAMOS HACIENDO HISTORIA,PVEM,,YUCATAN
YUCATÁN,YUCATAN,3,SIGAMOS HACIENDO HISTORIA,MORENA,,YUCATAN
YUCATÁN,YUCATAN,4,SIGAMOS HACIENDO HISTORIA,MORENA,,YUCATAN
YUCATÁN,YUCATAN,5,SIGAMOS HACIENDO HISTORIA,PVEM,,YUCATAN
YUCATÁN,YUCATAN,6,SIGAMOS HACIENDO HISTORIA,MORENA,,YUCATAN
ZACATECAS,ZACATECAS,1,SIGAMOS HACIENDO HISTORIA,MORENA,,ZACATECAS
ZACATECAS,ZACATECAS,2,SIGAMOS HACIENDO HISTORIA,PVEM,,ZACATECAS
ZACATECAS,ZACATECAS,3,SIGAMOS HACIENDO HISTORIA,PT,,ZACATECAS
ZACATECAS,ZACATECAS,4,SIGAMOS HACIENDO HISTORIA,PT,,ZACATECAS
