CIRCUNSCRIPCION,ID_ESTADO,NOMBRE_ESTADO,ID_DISTRITO_LOCAL,CABECERA_DISTRITAL_LOCAL,ID_MUNICIPIO,MUNICIPIO,SECCION,CASILLAS,PAN,PRI,PRD,PVEM,PT,MC,MORENA,FXMA,PAN_PRI_PRD,PAN_PRI,PAN_PRD,PRI_PRD,PVEM_PT,NUM_VOTOS_VALIDOS,NUM_VOTOS_CAN_NREG,NUM_VOTOS_NULOS,TOTAL_VOTOS,LISTA_NOMINAL
,1,AGUASCALIENTES,6,AGUASCALIENTES,1,AGUASCALIENTES,1,3,1157,114,13,0,2,49,93,1,18,5,0,0,0,1452,0,10,1462,2226
,1,AGUASCALIENTES,6,AGUASCALIENTES,1,AGUASCALIENTES,2,2,281,44,2,3,2,25,74,4,4,5,1,0,0,445,0,12,457,916
,1,AGUASCALIENTES,6,AGUASCALIENTES,1,AGUASCALIENTES,3,3,541,42,8,6,3,61,229,12,11,2,0,0,0,915,0,19,934,1723
,1,AGUASCALIENTES,6,AGUASCALIENTES,1,AGUASCALIENTES,4,2,370,37,3,4,5,58,250,4,8,3,2,0,0,744,0,8,752,1415
,1,AGUASCALIENTES,6,AGUASCALIENTES,1,AGUASCALIENTES,5,2,216,21,1,2,2,41,144,5,5,2,0,0,0,439,0,5,444,772
,1,AGUASCALIENTES,6,AGUASCALIENTES,1,AGUASCALIENTES,6,1,207,28,6,3,5,45,108,2,4,1,0,0,0,409,0,4,413,678
,1,AGUASCALIENTES,6,AGUASCALIENTES,1,AGUASCALIENTES,7,2,227,28,2,3,1,39,159,2,13,2,0,0,0,476,0,7,483,784
,1,AGUASCALIENTES,6,AGUASCALIENTES,1,AGUASCALIENTES,8,2,371,49,3,5,1,57,212,7,19,4,0,0,2,730,0,7,737,1198
,1,AGUASCALIENTES,6,AGUASCALIENTES,1,AGUASCALIENTES,9,2,393,34,7,4,4,44,244,9,4,2,0,0,0,745,0,15,760,1263
,1,AGUASCALIENTES,6,AGUASCALIENTES,1,AGUASCALIENTES,10,2,409,47,12,1,21,100,166,10,10,3,3,0,0,782,0,10,792,1212
,1,AGUASCALIENTES,6,AGUASCALIENTES,1,AGUASCALIENTES,11,2,257,18,6,2,5,56,192,6,10,6,0,0,0,558,0,16,574,1244
,1,AGUASCALIENTES,6,AGUASCALIENTES,1,AGUASCALIENTES,12,2,243,35,7,2,3,60,141,4,10,1,1,0,0,507,0,9,516,819
,1,AGUASCALIENTES,6,AGUASCALIENTES,1,AGUASCALIENTES,13,2,224,19,2,4,3,44,131,3,7,2,0,0,0,439,1,11,451,786
,1,AGUASCALIENTES,6,AGUASCALIENTES,1,AGUASCALIENTES,14,2,306,31,4,6,1,41,130,4,15,3,0,0,1,542,1,8,551,920
,1,AGUASCALIENTES,6,AGUASCALIENTES,1,AGUASCALIENTES,15,2,180,8,8,5,3,42,162,2,6,6,1,0,1,424,0,10,434,983
,1,AGUASCALIENTES,6,AGUASCALIENTES,1,AGUASCALIENTES,16,2,139,27,7,2,3,46,136,6,5,2,0,0,0,373,0,11,384,865
,1,AGUASCALIENTES,6,AGUASCALIENTES,1,AGUASCALIENTES,17,2,248,17,11,4,7,36,159,9,6,2,0,0,0,499,2,18,519,991
,1,AGUASCALIENTES,6,AGUASCALIENTES,1,AGUASCALIENTES,18,2,243,27,6,6,1,49,167,2,8,8,1,0,0,518,0,12,530,1027
,1,AGUASCALIENTES,10,AGUASCALIENTES,1,AGUASCALIENTES,19,2,306,41,7,8,0,40,130,5,7,2,0,0,0,546,1,15,562,1030
,1,AGUASCALIENTES,10,AGUASCALIENTES,1,AGUASCALIENTES,20,2,363,31,15,5,3,36,136,5,6,5,0,0,0,605,0,13,618,1057
,1,AGUASCALIENTES,10,AGUASCALIENTES,1,AGUASCALIENTES,21,2,236,23,3,5,3,37,236,5,11,3,0,0,0,562,0,21,583,1297
,1,AGUASCALIENTES,10,AGUASCALIENTES,1,AGUASCALIENTES,22,1,140,16,3,0,2,15,107,1,4,4,0,0,1,293,0,8,301,707
,1,AGUASCALIENTES,10,AGUASCALIENTES,1,AGUASCALIENTES,23,2,226,24,4,2,0,41,140,6,11,3,0,0,0,457,0,10,467,947
,1,AGUASCALIENTES,10,AGUASCALIENTES,1,AGUASCALIENTES,24,1,107,21,4,3,2,15,94,3,5,3,0,0,0,257,0,3,260,596
,1,AGUASCALIENTES,10,AGUASCALIENTES,1,AGUASCALIENTES,25,2,196,8,13,3,3,28,121,0,9,1,0,0,0,382,1,10,393,878
,1,AGUASCALIENTES,10,AGUASCALIENTES,1,AGUASCALIENTES,26,2,278,17,7,4,5,30,193,7,9,2,0,0,1,553,0,13,566,1087
,1,AGUASCALIENTES,10,AGUASCALIENTES,1,AGUASCALIENTES,27,1,142,11,2,2,10,25,77,3,4,3,0,0,0,279,0,8,287,537
,1,AGUASCALIENTES,11,AGUASCALIENTES,1,AGUASCALIENTES,28,1,86,10,2,1,2,16,57,2,2,3,1,0,1,183,0,7,190,379
,1,AGUASCALIENTES,11,AGUASCALIENTES,1,AGUASCALIENTES,29,2,147,29,3,4,2,33,134,4,2,3,0,0,0,361,0,9,370,826
,1,AGUASCALIENTES,10,AGUASCALIENTES,1,AGUASCALIENTES,30,1,116,14,1,2,5,20,85,3,6,1,1,0,1,255,0,5,260,587
,1,AGUASCALIENTES,10,AGUASCALIENTES,1,AGUASCALIENTES,31,2,193,12,3,5,1,32,142,6,12,5,0,0,1,412,0,14,426,946
,1,AGUASCALIENTES,10,AGUASCALIENTES,1,AGUASCALIENTES,32,2,159,26,12,6,1,42,252,5,2,2,1,0,0,508,0,9,517,1123
,1,AGUASCALIENTES,10,AGUASCALIENTES,1,AGUASCALIENTES,33,2,170,8,7,6,4,31,136,3,6,1,0,0,1,373,0,10,383,801
,1,AGUASCALIENTES,10,AGUASCALIENTES,1,AGUASCALIENTES,34,1,158,17,3,2,2,22,105,1,3,1,0,0,0,314,1,1,316,746
,1,AGUASCALIENTES,10,AGUASCALIENTES,1,AGUASCALIENTES,35,3,735,54,10,5,4,71,266,11,26,4,0,0,0,1186,0,30,1216,2206
,1,AGUASCALIENTES,10,AGUASCALIENTES,1,AGUASCALIENTES,36,2,266,23,9,2,1,31,127,5,7,4,0,0,0,475,0,11,486,858
,1,AGUASCALIENTES,10,AGUASCALIENTES,1,AGUASCALIENTES,37,2,289,30,1,5,1,43,129,0,17,3,1,0,0,519,0,9,528,1011
,1,AGUASCALIENTES,10,AGUASCALIENTES,1,AGUASCALIENTES,38,2,352,30,7,4,4,52,193,8,9,10,2,0,1,672,0,15,687,1316
,1,AGUASCALIENTES,10,AGUASCALIENTES,1,AGUASCALIENTES,39,2,170,16,4,7,1,29,156,3,17,4,0,0,0,407,0,14,421,796
,1,AGUASCALIENTES,17,AGUASCALIENTES,1,AGUASCALIENTES,40,2,322,32,8,4,2,56,185,5,6,4,2,0,0,626,0,14,640,1208
,1,AGUASCALIENTES,6,AGUASCALIENTES,1,AGUASCALIENTES,41,7,1750,162,21,7,7,127,425,15,37,16,3,0,1,2571,1,36,2608,4777
,1,AGUASCALIENTES,6,AGUASCALIENTES,1,AGUASCALIENTES,42,2,272,50,6,2,4,28,177,8,3,8,1,0,0,559,1,14,574,1224
,1,AGUASCALIENTES,6,AGUASCALIENTES,1,AGUASCALIENTES,43,3,632,66,8,4,2,78,200,5,23,6,0,0,0,1024,3,22,1049,1940
,1,AGUASCALIENTES,6,AGUASCALIENTES,1,AGUASCALIENTES,44,6,1954,210,19,6,5,115,341,9,39,16,1,0,0,2715,2,42,2759,4380
,1,AGUASCALIENTES,6,AGUASCALIENTES,1,AGUASCALIENTES,45,3,755,83,9,3,1,40,101,3,12,3,0,0,0,1010,0,10,1020,1589
,1,AGUASCALIENTES,6,AGUASCALIENTES,1,AGUASCALIENTES,46,3,866,65,9,1,2,86,130,3,10,3,1,0,0,1176,0,11,1187,1965
,1,AGUASCALIENTES,6,AGUASCALIENTES,1,AGUASCALIENTES,47,5,1662,142,13,4,5,98,250,4,35,10,0,1,0,2224,0,24,2248,3597
,1,AGUASCALIENTES,6,AGUASCALIENTES,1,AGUASCALIENTES,48,3,690,48,8,7,7,73,202,15,15,13,2,0,0,1080,1,14,1095,1912
,1,AGUASCALIENTES,6,AGUASCALIENTES,1,AGUASCALIENTES,49,2,362,38,5,6,5,70,211,11,6,8,1,0,0,723,0,16,739,1467
,1,AGUASCALIENTES,6,AGUASCALIENTES,1,AGUASCALIENTES,50,3,428,37,9,1,6,61,262,13,18,11,0,0,1,847,1,25,873,1610
,1,AGUASCALIENTES,6,AGUASCALIENTES,1,AGUASCALIENTES,51,2,287,47,18,3,10,47,195,9,14,3,3,0,2,638,0,22,660,1146
,1,AGUASCALIENTES,6,AGUASCALIENTES,1,AGUASCALIENTES,52,2,389,36,7,2,2,38,187,8,12,3,0,0,0,684,0,15,699,1222
,1,AGUASCALIENTES,6,AGUASCALIENTES,1,AGUASCALIENTES,53,3,550,46,6,4,8,67,222,11,7,5,0,0,0,926,5,13,944,1578
,1,AGUASCALIENTES,6,AGUASCALIENTES,1,AGUASCALIENTES,54,2,185,25,2,4,9,37,168,3,9,1,0,0,0,443,0,12,455,1051
,1,AGUASCALIENTES,6,AGUASCALIENTES,1,AGUASCALIENTES,55,2,236,27,10,3,5,50,166,5,11,6,2,1,1,523,0,15,538,1070
,1,AGUASCALIENTES,6,AGUASCALIENTES,1,AGUASCALIENTES,56,2,257,31,6,4,9,42,128,3,8,1,0,0,0,489,0,9,498,927
,1,AGUASCALIENTES,11,AGUASCALIENTES,1,AGUASCALIENTES,57,2,218,18,4,3,2,24,136,5,1,5,1,0,1,418,0,7,425,808
,1,AGUASCALIENTES,11,AGUASCALIENTES,1,AGUASCALIENTES,58,1,117,12,8,3,3,17,116,1,3,6,0,0,0,286,0,12,298,599
,1,AGUASCALIENTES,11,AGUASCALIENTES,1,AGUASCALIENTES,59,1,201,16,3,1,3,26,108,3,5,4,0,0,0,370,0,6,376,690
,1,AGUASCALIENTES,11,AGUASCALIENTES,1,AGUASCALIENTES,60,2,188,16,4,5,6,26,179,5,6,12,1,0,0,448,0,25,473,1002
,1,AGUASCALIENTES,11,AGUASCALIENTES,1,AGUASCALIENTES,61,1,134,16,7,3,14,23,123,9,3,2,0,0,0,334,0,6,340,719
,1,AGUASCALIENTES,11,AGUASCALIENTES,1,AGUASCALIENTES,62,1,159,9,8,2,2,15,90,6,0,0,0,0,0,291,0,12,303,650
,1,AGUASCALIENTES,11,AGUASCALIENTES,1,AGUASCALIENTES,63,1,139,11,2,1,2,10,92,3,8,6,0,0,0,274,0,9,283,609
,1,AGUASCALIENTES,11,AGUASCALIENTES,1,AGUASCALIENTES,64,2,194,15,2,9,2,37,160,4,6,4,0,0,0,433,0,10,443,774
,1,AGUASCALIENTES,11,AGUASCALIENTES,1,AGUASCALIENTES,65,1,142,19,1,6,2,28,96,2,2,1,1,0,0,300,0,10,310,576
,1,AGUASCALIENTES,11,AGUASCALIENTES,1,AGUASCALIENTES,66,2,226,22,5,2,6,27,129,6,6,2,0,0,0,431,0,12,443,798
,1,AGUASCALIENTES,11,AGUASCALIENTES,1,AGUASCALIENTES,67,1,180,21,3,1,0,26,69,3,4,1,0,0,0,308,0,3,311,498
,1,AGUASCALIENTES,11,AGUASCALIENTES,1,AGUASCALIENTES,68,1,190,15,6,1,0,28,104,3,4,2,0,0,0,353,0,5,358,664
,1,AGUASCALIENTES,11,AGUASCALIENTES,1,AGUASCALIENTES,69,2,204,16,3,3,3,42,144,2,7,2,0,0,0,426,0,13,439,832
,1,AGUASCALIENTES,11,AGUASCALIENTES,1,AGUASCALIENTES,70,1,145,17,5,1,1,24,130,0,8,0,0,0,0,331,0,4,335,586
,1,AGUASCALIENTES,11,AGUASCALIENTES,1,AGUASCALIENTES,71,2,303,41,6,8,5,39,129,9,12,2,0,0,1,555,0,6,561,990
,1,AGUASCALIENTES,11,AGUASCALIENTES,1,AGUASCALIENTES,72,1,107,12,8,5,1,21,75,2,14,5,0,0,0,250,1,9,260,493
,1,AGUASCALIENTES,11,AGUASCALIENTES,1,AGUASCALIENTES,73,2,206,22,10,3,3,38,84,1,9,0,0,0,0,376,1,6,383,764
,1,AGUASCALIENTES,11,AGUASCALIENTES,1,AGUASCALIENTES,74,1,158,9,4,2,1,22,83,2,3,0,0,0,0,284,0,4,288,521
,1,AGUASCALIENTES,11,AGUASCALIENTES,1,AGUASCALIENTES,75,1,179,21,3,0,5,10,98,2,5,0,0,0,0,323,0,4,327,594
,1,AGUASCALIENTES,11,AGUASCALIENTES,1,AGUASCALIENTES,76,1,129,25,1,3,4,20,67,3,1,0,0,0,0,253,1,4,258,459
,1,AGUASCALIENTES,11,AGUASCALIENTES,1,AGUASCALIENTES,77,1,111,28,1,1,4,28,93,2,2,2,0,0,0,272,2,5,279,515
,1,AGUASCALIENTES,11,AGUASCALIENTES,1,AGUASCALIENTES,78,2,181,19,14,2,1,35,130,4,8,0,0,1,0,395,0,6,401,767
,1,AGUASCALIENTES,11,AGUASCALIENTES,1,AGUASCALIENTES,79,1,188,23,10,1,0,24,115,0,10,5,0,0,0,376,0,14,390,731
,1,AGUASCALIENTES,5,AGUASCALIENTES,1,AGUASCALIENTES,80,11,1375,164,52,24,28,261,1283,30,61,24,0,0,0,3302,2,79,3383,7535
,1,AGUASCALIENTES,5,AGUASCALIENTES,1,AGUASCALIENTES,82,17,2454,201,56,19,27,488,1702,51,68,12,8,0,2,5088,5,98,5191,11385
,1,AGUASCALIENTES,12,AGUASCALIENTES,1,AGUASCALIENTES,83,23,1474,194,204,38,29,331,1935,69,87,40,14,0,0,4415,1,141,4557,15815
,1,AGUASCALIENTES,12,AGUASCALIENTES,1,AGUASCALIENTES,84,3,252,45,30,3,6,88,373,14,10,8,5,2,0,836,0,46,882,2145
,1,AGUASCALIENTES,12,AGUASCALIENTES,1,AGUASCALIENTES,85,6,479,105,59,10,11,134,549,29,23,9,3,0,0,1411,0,49,1460,4210
,1,AGUASCALIENTES,5,AGUASCALIENTES,1,AGUASCALIENTES,86,18,1548,204,102,28,48,412,2025,97,86,31,6,1,4,4592,1,151,4744,12611
,1,AGUASCALIENTES,5,AGUASCALIENTES,1,AGUASCALIENTES,87,3,349,37,15,8,5,114,416,12,16,5,1,0,1,979,1,28,1008,2122
,1,AGUASCALIENTES,5,AGUASCALIENTES,1,AGUASCALIENTES,88,2,203,40,5,7,11,56,225,7,8,6,0,0,0,568,1,7,576,1245
,1,AGUASCALIENTES,5,AGUASCALIENTES,1,AGUASCALIENTES,89,2,161,17,21,3,6,35,205,4,8,2,1,0,0,463,0,12,475,1141
,1,AGUASCALIENTES,5,AGUASCALIENTES,1,AGUASCALIENTES,90,5,832,71,20,11,11,139,535,22,17,9,2,0,1,1670,1,38,1709,3414
,1,AGUASCALIENTES,6,AGUASCALIENTES,1,AGUASCALIENTES,91,2,268,28,8,1,2,48,170,5,5,3,1,0,0,539,0,10,549,925
,1,AGUASCALIENTES,6,AGUASCALIENTES,1,AGUASCALIENTES,92,2,199,16,10,3,2,41,148,6,9,4,0,0,1,439,0,16,455,873
,1,AGUASCALIENTES,13,AGUASCALIENTES,1,AGUASCALIENTES,93,2,216,19,7,4,8,67,181,7,10,4,0,0,0,523,0,12,535,1000
,1,AGUASCALIENTES,13,AGUASCALIENTES,1,AGUASCALIENTES,94,1,88,11,3,4,6,23,125,4,0,0,0,0,0,264,1,12,277,605
,1,AGUASCALIENTES,13,AGUASCALIENTES,1,AGUASCALIENTES,95,2,124,30,3,6,0,36,212,13,8,7,0,0,1,440,0,10,450,907
,1,AGUASCALIENTES,13,AGUASCALIENTES,1,AGUASCALIENTES,96,4,453,50,26,8,4,139,446,15,23,11,0,0,0,1175,0,34,1209,2600
,1,AGUASCALIENTES,13,AGUASCALIENTES,1,AGUASCALIENTES,97,2,93,44,16,3,6,16,149,10,8,7,0,0,0,352,0,16,368,929
,1,AGUASCALIENTES,13,AGUASCALIENTES,1,AGUASCALIENTES,99,3,241,42,14,4,6,52,259,14,16,4,1,0,1,654,0,26,680,1797
,1,AGUASCALIENTES,13,AGUASCALIENTES,1,AGUASCALIENTES,100,2,115,11,30,3,4,36,191,4,3,5,0,0,0,402,0,29,431,1024
,1,AGUASCALIENTES,13,AGUASCALIENTES,1,AGUASCALIENTES,101,3,294,33,17,6,7,59,297,3,10,7,0,2,0,735,0,20,755,1726
,1,AGUASCALIENTES,13,AGUASCALIENTES,1,AGUASCALIENTES,102,2,153,18,16,7,5,37,179,3,6,8,0,0,0,432,0,11,443,976
,1,AGUASCALIENTES,13,AGUASCALIENTES,1,AGUASCALIENTES,103,2,160,26,9,2,4,33,175,5,2,5,1,0,0,422,0,11,433,811
,1,AGUASCALIENTES,11,AGUASCALIENTES,1,AGUASCALIENTES,104,1,72,9,21,2,2,14,109,3,3,2,4,0,0,241,0,15,256,514
,1,AGUASCALIENTES,11,AGUASCALIENTES,1,AGUASCALIENTES,105,1,100,15,15,1,1,21,109,5,1,5,1,0,0,274,0,14,288,570
,1,AGUASCALIENTES,11,AGUASCALIENTES,1,AGUASCALIENTES,106,2,246,17,15,3,3,41,225,6,10,7,1,0,0,574,0,14,588,1165
,1,AGUASCALIENTES,11,AGUASCALIENTES,1,AGUASCALIENTES,107,2,222,29,8,1,2,43,170,13,5,2,0,0,0,495,1,16,512,1106
,1,AGUASCALIENTES,11,AGUASCALIENTES,1,AGUASCALIENTES,108,2,186,22,5,5,5,32,172,8,6,3,0,0,0,444,1,9,454,929
,1,AGUASCALIENTES,11,AGUASCALIENTES,1,AGUASCALIENTES,109,2,230,28,9,7,2,43,196,7,8,3,0,0,0,533,0,9,542,1079
,1,AGUASCALIENTES,11,AGUASCALIENTES,1,AGUASCALIENTES,110,2,306,17,11,2,3,60,204,15,11,1,2,0,1,633,0,19,652,450
,1,AGUASCALIENTES,11,AGUASCALIENTES,1,AGUASCALIENTES,111,2,127,24,14,4,3,45,228,3,7,7,0,0,0,462,0,19,481,985
,1,AGUASCALIENTES,11,AGUASCALIENTES,1,AGUASCALIENTES,112,2,246,36,1,2,2,47,272,2,10,3,0,1,0,622,0,20,642,1179
,1,AGUASCALIENTES,13,AGUASCALIENTES,1,AGUASCALIENTES,113,2,246,27,3,1,5,44,245,6,8,3,0,0,0,588,0,17,605,1047
,1,AGUASCALIENTES,13,AGUASCALIENTES,1,AGUASCALIENTES,114,2,173,29,3,3,1,53,173,2,8,4,0,0,0,449,1,15,465,873
,1,AGUASCALIENTES,13,AGUASCALIENTES,1,AGUASCALIENTES,115,2,253,36,11,1,4,48,188,14,12,4,4,0,0,575,2,30,607,1122
,1,AGUASCALIENTES,13,AGUASCALIENTES,1,AGUASCALIENTES,116,13,1341,184,83,24,38,339,1639,43,53,18,8,2,4,3776,1,109,3886,9392
,1,AGUASCALIENTES,13,AGUASCALIENTES,1,AGUASCALIENTES,117,3,232,43,11,9,3,47,294,10,7,11,2,0,1,670,0,28,698,1531
,1,AGUASCALIENTES,13,AGUASCALIENTES,1,AGUASCALIENTES,118,10,1083,130,57,23,24,280,1207,40,46,21,4,2,0,2917,2,75,2994,6559
,1,AGUASCALIENTES,13,AGUASCALIENTES,1,AGUASCALIENTES,119,7,1156,95,32,12,10,262,870,21,28,8,2,1,2,2499,4,41,2544,4530
,1,AGUASCALIENTES,11,AGUASCALIENTES,1,AGUASCALIENTES,120,1,147,19,5,3,6,23,160,3,2,5,1,0,0,374,0,15,389,750
,1,AGUASCALIENTES,11,AGUASCALIENTES,1,AGUASCALIENTES,121,1,99,22,0,4,2,30,134,3,3,0,0,0,0,297,0,8,305,578
,1,AGUASCALIENTES,13,AGUASCALIENTES,1,AGUASCALIENTES,122,2,205,46,3,3,5,47,198,9,7,5,0,0,0,528,0,13,541,1072
,1,AGUASCALIENTES,11,AGUASCALIENTES,1,AGUASCALIENTES,123,1,120,11,4,1,4,31,126,5,6,3,0,0,0,311,0,12,323,657
,1,AGUASCALIENTES,11,AGUASCALIENTES,1,AGUASCALIENTES,124,1,112,8,3,1,6,34,95,3,2,0,0,0,0,264,1,4,269,471
,1,AGUASCALIENTES,14,AGUASCALIENTES,1,AGUASCALIENTES,125,2,224,41,5,2,3,34,220,8,14,5,1,0,1,558,0,12,570,1043
,1,AGUASCALIENTES,15,AGUASCALIENTES,1,AGUASCALIENTES,126,4,647,89,82,6,13,110,646,17,24,12,0,1,1,1648,1,36,1685,2064
,1,AGUASCALIENTES,15,AGUASCALIENTES,1,AGUASCALIENTES,127,2,211,40,6,5,3,57,360,12,12,3,1,0,0,710,0,11,721,1252
,1,AGUASCALIENTES,15,AGUASCALIENTES,1,AGUASCALIENTES,128,2,133,23,7,5,4,23,226,1,4,3,0,0,0,429,1,14,444,844
,1,AGUASCALIENTES,15,AGUASCALIENTES,1,AGUASCALIENTES,129,2,151,27,8,1,3,38,262,8,6,1,0,0,0,505,0,14,519,930
,1,AGUASCALIENTES,15,AGUASCALIENTES,1,AGUASCALIENTES,130,2,215,42,15,7,6,56,341,8,11,3,0,0,0,704,0,21,725,1400
,1,AGUASCALIENTES,15,AGUASCALIENTES,1,AGUASCALIENTES,131,2,132,34,9,2,5,45,268,7,5,2,0,0,0,509,0,14,523,927
,1,AGUASCALIENTES,15,AGUASCALIENTES,1,AGUASCALIENTES,132,2,156,31,1,1,5,27,239,7,13,8,2,0,0,490,1,7,498,930
,1,AGUASCALIENTES,15,AGUASCALIENTES,1,AGUASCALIENTES,133,2,215,23,10,2,4,59,259,6,4,4,0,2,0,588,2,23,613,1090
,1,AGUASCALIENTES,15,AGUASCALIENTES,1,AGUASCALIENTES,134,2,158,17,6,6,5,32,183,9,7,5,1,0,0,429,0,10,439,789
,1,AGUASCALIENTES,15,AGUASCALIENTES,1,AGUASCALIENTES,135,2,229,25,7,3,7,52,277,7,17,1,0,1,0,626,4,13,643,1235
,1,AGUASCALIENTES,15,AGUASCALIENTES,1,AGUASCALIENTES,136,3,290,44,13,9,6,69,330,19,14,6,0,0,0,800,0,20,820,1743
,1,AGUASCALIENTES,15,AGUASCALIENTES,1,AGUASCALIENTES,137,1,38,5,6,2,0,15,88,2,5,1,0,0,0,162,0,5,167,488
,1,AGUASCALIENTES,14,AGUASCALIENTES,1,AGUASCALIENTES,138,2,257,22,4,6,3,39,282,13,17,4,0,0,0,647,0,15,662,1422
,1,AGUASCALIENTES,14,AGUASCALIENTES,1,AGUASCALIENTES,139,2,87,12,2,2,6,30,143,9,8,5,6,0,0,310,0,7,317,811
,1,AGUASCALIENTES,14,AGUASCALIENTES,1,AGUASCALIENTES,140,2,219,29,5,2,2,44,172,4,5,3,0,0,0,485,1,8,494,861
,1,AGUASCALIENTES,11,AGUASCALIENTES,1,AGUASCALIENTES,141,2,193,23,11,2,2,44,194,5,6,5,1,0,0,486,0,8,494,977
,1,AGUASCALIENTES,11,AGUASCALIENTES,1,AGUASCALIENTES,142,2,165,16,5,2,2,40,180,3,5,3,1,0,0,422,0,13,435,780
,1,AGUASCALIENTES,14,AGUASCALIENTES,1,AGUASCALIENTES,143,2,146,32,4,0,5,39,197,5,5,5,1,0,1,440,0,16,456,839
,1,AGUASCALIENTES,14,AGUASCALIENTES,1,AGUASCALIENTES,144,2,166,19,9,3,4,47,194,13,6,4,1,0,0,466,1,12,479,902
,1,AGUASCALIENTES,14,AGUASCALIENTES,1,AGUASCALIENTES,145,1,130,21,3,2,1,26,160,5,14,5,0,0,0,367,0,11,378,719
,1,AGUASCALIENTES,14,AGUASCALIENTES,1,AGUASCALIENTES,146,2,160,35,15,4,4,51,198,11,5,7,2,1,0,493,0,15,508,1101
,1,AGUASCALIENTES,14,AGUASCALIENTES,1,AGUASCALIENTES,147,2,112,24,2,2,7,44,212,6,6,9,0,0,0,424,0,24,448,964
,1,AGUASCALIENTES,14,AGUASCALIENTES,1,AGUASCALIENTES,148,2,178,21,11,8,6,40,320,6,14,2,0,0,0,606,0,25,631,1424
,1,AGUASCALIENTES,14,AGUASCALIENTES,1,AGUASCALIENTES,149,6,704,103,19,11,18,157,863,24,29,13,1,0,0,1942,1,53,1996,3869
,1,AGUASCALIENTES,15,AGUASCALIENTES,1,AGUASCALIENTES,150,2,172,21,11,4,7,40,234,4,5,1,0,0,0,499,1,17,517,907
,1,AGUASCALIENTES,15,AGUASCALIENTES,1,AGUASCALIENTES,151,1,117,9,23,1,1,36,106,4,2,2,1,0,0,302,0,13,315,746
,1,AGUASCALIENTES,15,AGUASCALIENTES,1,AGUASCALIENTES,152,4,438,60,44,8,8,113,543,19,19,11,1,0,0,1264,2,23,1289,2900
,1,AGUASCALIENTES,15,AGUASCALIENTES,1,AGUASCALIENTES,153,2,217,22,3,6,6,43,246,9,5,4,0,0,0,561,0,13,574,993
,1,AGUASCALIENTES,15,AGUASCALIENTES,1,AGUASCALIENTES,154,3,149,19,21,3,6,51,289,12,13,2,1,1,1,568,0,21,589,1589
,1,AGUASCALIENTES,15,AGUASCALIENTES,1,AGUASCALIENTES,155,16,1409,233,85,45,53,392,1895,108,14,17,6,2,0,4259,0,80,4339,11383
,1,AGUASCALIENTES,14,AGUASCALIENTES,1,AGUASCALIENTES,156,19,2241,432,193,36,60,516,2204,61,94,31,7,5,3,5883,7,168,6058,13101
,1,AGUASCALIENTES,14,AGUASCALIENTES,1,AGUASCALIENTES,157,2,109,25,16,3,2,25,161,7,6,8,1,0,0,363,0,14,377,885
,1,AGUASCALIENTES,14,AGUASCALIENTES,1,AGUASCALIENTES,158,1,87,11,2,2,2,12,61,2,1,0,0,0,0,180,0,1,181,415
,1,AGUASCALIENTES,14,AGUASCALIENTES,1,AGUASCALIENTES,159,1,161,19,4,3,2,39,137,5,5,0,0,0,0,375,0,6,381,623
,1,AGUASCALIENTES,14,AGUASCALIENTES,1,AGUASCALIENTES,160,2,209,32,12,3,5,47,196,8,5,2,2,0,0,521,0,10,531,996
,1,AGUASCALIENTES,18,AGUASCALIENTES,1,AGUASCALIENTES,161,9,1694,203,29,14,17,277,862,31,51,12,1,0,0,3191,1,47,3239,6002
,1,AGUASCALIENTES,18,AGUASCALIENTES,1,AGUASCALIENTES,162,2,104,17,7,4,4,32,177,10,3,4,0,0,0,362,0,11,373,864
,1,AGUASCALIENTES,18,AGUASCALIENTES,1,AGUASCALIENTES,163,1,111,11,5,1,3,24,144,2,3,3,0,0,0,307,0,7,314,678
,1,AGUASCALIENTES,14,AGUASCALIENTES,1,AGUASCALIENTES,164,9,1609,166,35,18,30,315,1134,51,15,10,2,0,0,3385,3,64,3452,6624
,1,AGUASCALIENTES,14,AGUASCALIENTES,1,AGUASCALIENTES,165,2,274,21,5,1,8,52,268,13,5,6,0,0,1,654,0,16,670,1468
,1,AGUASCALIENTES,14,AGUASCALIENTES,1,AGUASCALIENTES,167,1,144,25,5,1,2,28,150,10,2,3,1,0,0,371,0,15,386,741
,1,AGUASCALIENTES,14,AGUASCALIENTES,1,AGUASCALIENTES,168,4,552,60,39,18,17,103,577,9,23,7,0,0,1,1406,1,30,1437,2849
,1,AGUASCALIENTES,14,AGUASCALIENTES,1,AGUASCALIENTES,169,3,326,51,20,9,10,86,367,15,14,6,1,0,0,905,0,24,929,2079
,1,AGUASCALIENTES,14,AGUASCALIENTES,1,AGUASCALIENTES,170,5,402,86,29,11,7,89,599,15,27,15,2,1,0,1283,0,31,1314,3084
,1,AGUASCALIENTES,17,AGUASCALIENTES,1,AGUASCALIENTES,171,1,160,10,2,3,3,20,91,4,4,0,0,0,0,297,1,11,309,584
,1,AGUASCALIENTES,17,AGUASCALIENTES,1,AGUASCALIENTES,172,1,204,29,8,2,5,24,83,3,6,1,0,0,0,365,0,11,376,695
,1,AGUASCALIENTES,17,AGUASCALIENTES,1,AGUASCALIENTES,173,1,132,13,5,3,1,16,63,1,5,2,0,0,0,241,0,4,245,488
,1,AGUASCALIENTES,17,AGUASCALIENTES,1,AGUASCALIENTES,174,2,287,23,2,0,3,35,135,3,13,5,0,0,0,506,2,13,521,954
,1,AGUASCALIENTES,17,AGUASCALIENTES,1,AGUASCALIENTES,175,2,266,30,6,1,5,28,105,1,5,2,2,0,0,451,1,7,459,841
,1,AGUASCALIENTES,17,AGUASCALIENTES,1,AGUASCALIENTES,176,1,122,14,3,2,0,17,41,3,6,0,0,0,0,208,1,3,212,384
,1,AGUASCALIENTES,17,AGUASCALIENTES,1,AGUASCALIENTES,177,1,247,29,4,3,1,36,71,4,6,3,2,0,0,406,0,0,406,682
,1,AGUASCALIENTES,17,AGUASCALIENTES,1,AGUASCALIENTES,178,1,170,15,6,2,1,22,106,4,8,1,0,0,0,335,0,8,343,682
,1,AGUASCALIENTES,17,AGUASCALIENTES,1,AGUASCALIENTES,179,2,208,15,12,3,1,28,129,5,9,1,1,0,0,412,2,17,431,830
,1,AGUASCALIENTES,11,AGUASCALIENTES,1,AGUASCALIENTES,180,1,140,15,6,5,2,22,79,2,4,1,0,0,0,276,1,5,282,511
,1,AGUASCALIENTES,11,AGUASCALIENTES,1,AGUASCALIENTES,181,1,162,11,6,4,3,35,120,4,10,5,0,0,0,360,0,5,365,651
,1,AGUASCALIENTES,11,AGUASCALIENTES,1,AGUASCALIENTES,182,1,147,24,4,2,1,27,135,2,6,1,0,0,1,350,0,5,355,611
,1,AGUASCALIENTES,11,AGUASCALIENTES,1,AGUASCALIENTES,183,1,75,14,2,2,2,20,67,1,3,1,0,0,1,188,4,3,195,404
,1,AGUASCALIENTES,11,AGUASCALIENTES,1,AGUASCALIENTES,184,2,185,24,3,1,4,29,136,2,7,2,0,0,0,393,0,14,407,775
,1,AGUASCALIENTES,11,AGUASCALIENTES,1,AGUASCALIENTES,185,1,57,7,0,0,3,14,58,4,6,2,0,0,1,152,0,4,156,311
,1,AGUASCALIENTES,11,AGUASCALIENTES,1,AGUASCALIENTES,186,1,70,19,4,0,1,9,63,3,2,2,0,0,0,173,0,6,179,375
,1,AGUASCALIENTES,11,AGUASCALIENTES,1,AGUASCALIENTES,187,1,125,14,1,1,1,18,108,4,5,1,0,0,0,278,2,8,288,605
,1,AGUASCALIENTES,11,AGUASCALIENTES,1,AGUASCALIENTES,188,2,202,31,3,4,3,60,211,6,10,9,1,0,1,541,0,14,555,1042
,1,AGUASCALIENTES,11,AGUASCALIENTES,1,AGUASCALIENTES,189,2,251,32,13,4,4,43,193,6,18,0,1,0,0,565,1,7,573,1085
,1,AGUASCALIENTES,11,AGUASCALIENTES,1,AGUASCALIENTES,190,3,414,48,12,4,9,65,223,7,14,7,0,0,1,804,0,23,827,1504
,1,AGUASCALIENTES,11,AGUASCALIENTES,1,AGUASCALIENTES,191,1,122,20,5,2,2,31,122,3,0,4,0,0,1,312,0,3,315,576
,1,AGUASCALIENTES,11,AGUASCALIENTES,1,AGUASCALIENTES,192,2,159,25,7,2,5,51,156,10,5,2,0,0,0,422,0,20,442,912
,1,AGUASCALIENTES,11,AGUASCALIENTES,1,AGUASCALIENTES,193,2,169,19,7,4,5,21,146,4,4,2,0,0,0,381,1,8,390,884
,1,AGUASCALIENTES,11,AGUASCALIENTES,1,AGUASCALIENTES,194,3,386,48,8,3,7,64,292,10,18,6,2,0,1,845,1,29,875,1739
,1,AGUASCALIENTES,11,AGUASCALIENTES,1,AGUASCALIENTES,195,2,273,31,10,2,8,38,157,3,5,5,2,0,0,534,2,14,550,1000
,1,AGUASCALIENTES,11,AGUASCALIENTES,1,AGUASCALIENTES,196,1,179,24,8,2,2,30,111,3,5,3,1,0,0,368,0,11,379,710
,1,AGUASCALIENTES,11,AGUASCALIENTES,1,AGUASCALIENTES,197,2,235,22,12,5,3,37,147,6,9,4,0,0,0,480,0,7,487,798
,1,AGUASCALIENTES,17,AGUASCALIENTES,1,AGUASCALIENTES,198,1,104,22,4,1,2,37,86,5,4,2,0,0,0,267,0,8,275,583
,1,AGUASCALIENTES,17,AGUASCALIENTES,1,AGUASCALIENTES,199,1,102,15,3,1,4,25,124,6,9,4,0,0,0,293,0,4,297,592
,1,AGUASCALIENTES,11,AGUASCALIENTES,1,AGUASCALIENTES,200,2,264,30,4,1,3,46,158,5,16,1,0,0,1,529,0,10,539,996
,1,AGUASCALIENTES,11,AGUASCALIENTES,1,AGUASCALIENTES,201,2,265,47,13,2,3,38,144,4,8,5,0,0,0,529,0,7,536,898
,1,AGUASCALIENTES,11,AGUASCALIENTES,1,AGUASCALIENTES,202,2,111,14,20,2,2,27,120,7,6,3,2,1,0,315,0,10,325,784
,1,AGUASCALIENTES,11,AGUASCALIENTES,1,AGUASCALIENTES,203,1,127,24,3,3,1,17,138,5,6,7,0,0,0,331,0,16,347,668
,1,AGUASCALIENTES,11,AGUASCALIENTES,1,AGUASCALIENTES,204,2,195,43,9,4,1,41,178,7,4,3,3,0,0,488,0,22,510,1074
,1,AGUASCALIENTES,11,AGUASCALIENTES,1,AGUASCALIENTES,205,2,142,35,2,3,5,29,221,5,4,2,0,0,0,448,0,14,462,905
,1,AGUASCALIENTES,11,AGUASCALIENTES,1,AGUASCALIENTES,206,1,76,9,0,1,5,19,88,3,4,6,0,3,0,214,0,5,219,517
,1,AGUASCALIENTES,11,AGUASCALIENTES,1,AGUASCALIENTES,207,2,159,19,3,2,5,31,232,5,7,5,0,0,0,468,0,24,492,1003
,1,AGUASCALIENTES,11,AGUASCALIENTES,1,AGUASCALIENTES,208,2,468,73,6,2,3,48,149,4,14,7,0,0,0,774,1,9,784,1264
,1,AGUASCALIENTES,11,AGUASCALIENTES,1,AGUASCALIENTES,209,2,461,67,2,2,0,43,80,7,16,5,0,0,0,683,0,13,696,1028
,1,AGUASCALIENTES,11,AGUASCALIENTES,1,AGUASCALIENTES,210,2,517,42,5,3,0,31,96,4,8,3,0,0,0,709,0,11,720,1102
,1,AGUASCALIENTES,11,AGUASCALIENTES,1,AGUASCALIENTES,211,1,95,14,7,2,3,12,103,3,10,0,0,0,0,249,0,6,255,583
,1,AGUASCALIENTES,11,AGUASCALIENTES,1,AGUASCALIENTES,212,1,119,10,0,3,6,27,127,2,4,1,0,0,0,299,0,7,306,652
,1,AGUASCALIENTES,11,AGUASCALIENTES,1,AGUASCALIENTES,213,1,96,12,2,2,2,26,172,5,3,3,2,0,0,325,0,7,332,698
,1,AGUASCALIENTES,17,AGUASCALIENTES,1,AGUASCALIENTES,214,2,358,40,14,4,1,38,141,3,12,3,1,0,0,615,0,5,620,964
,1,AGUASCALIENTES,17,AGUASCALIENTES,1,AGUASCALIENTES,215,2,424,33,9,2,2,40,129,3,16,3,0,0,0,661,0,11,672,1090
,1,AGUASCALIENTES,17,AGUASCALIENTES,1,AGUASCALIENTES,216,2,309,21,7,1,0,25,116,10,11,4,0,0,1,505,1,6,512,856
,1,AGUASCALIENTES,17,AGUASCALIENTES,1,AGUASCALIENTES,217,2,288,31,5,1,3,56,108,4,12,3,0,0,0,511,0,3,514,918
,1,AGUASCALIENTES,17,AGUASCALIENTES,1,AGUASCALIENTES,218,5,1019,95,28,10,5,143,578,13,46,10,2,0,0,1949,1,34,1984,1556
,1,AGUASCALIENTES,17,AGUASCALIENTES,1,AGUASCALIENTES,219,2,232,19,6,5,6,45,97,4,11,2,0,0,0,427,1,7,435,763
,1,AGUASCALIENTES,17,AGUASCALIENTES,1,AGUASCALIENTES,220,2,399,44,15,3,1,51,140,4,16,4,1,0,1,679,0,19,698,1274
,1,AGUASCALIENTES,17,AGUASCALIENTES,1,AGUASCALIENTES,221,2,338,33,3,2,5,48,142,4,6,2,0,0,0,583,0,14,597,938
,1,AGUASCALIENTES,17,AGUASCALIENTES,1,AGUASCALIENTES,222,2,465,44,11,5,3,62,202,2,24,8,0,0,0,826,2,14,842,1436
,1,AGUASCALIENTES,17,AGUASCALIENTES,1,AGUASCALIENTES,223,1,163,15,5,3,2,37,115,4,4,1,0,0,0,349,0,14,363,728
,1,AGUASCALIENTES,17,AGUASCALIENTES,1,AGUASCALIENTES,224,2,322,30,2,6,2,40,189,3,11,5,0,0,1,611,0,7,618,1066
,1,AGUASCALIENTES,17,AGUASCALIENTES,1,AGUASCALIENTES,225,2,280,52,3,4,3,38,188,4,4,4,0,0,0,580,0,15,595,954
,1,AGUASCALIENTES,17,AGUASCALIENTES,1,AGUASCALIENTES,226,2,346,32,3,3,1,42,107,6,3,7,1,0,0,551,0,13,564,863
,1,AGUASCALIENTES,17,AGUASCALIENTES,1,AGUASCALIENTES,227,2,121,16,4,1,2,36,125,7,6,1,2,0,0,321,0,8,329,778
,1,AGUASCALIENTES,17,AGUASCALIENTES,1,AGUASCALIENTES,228,2,127,10,8,4,0,33,149,5,4,3,0,0,2,345,0,12,357,751
,1,AGUASCALIENTES,17,AGUASCALIENTES,1,AGUASCALIENTES,229,1,167,18,1,1,3,33,139,4,10,2,0,0,0,378,0,9,387,742
,1,AGUASCALIENTES,17,AGUASCALIENTES,1,AGUASCALIENTES,230,2,357,42,7,1,5,60,270,8,16,4,0,0,1,771,1,8,780,1309
,1,AGUASCALIENTES,17,AGUASCALIENTES,1,AGUASCALIENTES,231,2,329,33,9,7,5,60,264,8,13,4,1,0,0,733,1,20,754,1455
,1,AGUASCALIENTES,17,AGUASCALIENTES,1,AGUASCALIENTES,232,2,136,19,2,3,4,28,161,6,5,3,1,0,0,368,0,3,371,766
,1,AGUASCALIENTES,17,AGUASCALIENTES,1,AGUASCALIENTES,233,2,99,20,17,1,4,36,151,5,8,2,0,0,0,343,1,9,353,906
,1,AGUASCALIENTES,17,AGUASCALIENTES,1,AGUASCALIENTES,234,2,81,24,16,3,2,34,146,4,7,1,2,0,0,320,0,15,335,797
,1,AGUASCALIENTES,17,AGUASCALIENTES,1,AGUASCALIENTES,235,1,67,6,21,1,3,25,114,2,3,2,1,0,0,245,0,17,262,625
,1,AGUASCALIENTES,17,AGUASCALIENTES,1,AGUASCALIENTES,236,2,137,20,26,6,6,43,233,7,8,2,2,0,0,490,0,8,498,1211
,1,AGUASCALIENTES,17,AGUASCALIENTES,1,AGUASCALIENTES,237,2,76,12,13,3,6,23,126,6,4,2,0,0,0,271,0,14,285,773
,1,AGUASCALIENTES,17,AGUASCALIENTES,1,AGUASCALIENTES,238,2,104,11,3,1,3,25,176,2,1,3,0,0,0,329,0,8,337,770
,1,AGUASCALIENTES,17,AGUASCALIENTES,1,AGUASCALIENTES,239,2,63,11,10,3,4,23,168,2,1,0,0,0,0,285,0,15,300,824
,1,AGUASCALIENTES,17,AGUASCALIENTES,1,AGUASCALIENTES,240,1,72,12,6,3,2,14,173,12,3,0,0,0,0,297,0,6,303,692
,1,AGUASCALIENTES,17,AGUASCALIENTES,1,AGUASCALIENTES,241,1,134,11,6,0,2,25,133,4,6,3,1,0,0,325,0,6,331,612
,1,AGUASCALIENTES,17,AGUASCALIENTES,1,AGUASCALIENTES,242,1,98,9,13,3,1,18,90,3,0,2,0,0,0,237,0,8,245,581
,1,AGUASCALIENTES,17,AGUASCALIENTES,1,AGUASCALIENTES,243,2,149,20,6,7,5,53,230,9,7,3,1,0,0,490,0,21,511,1211
,1,AGUASCALIENTES,17,AGUASCALIENTES,1,AGUASCALIENTES,244,2,110,29,24,1,8,46,184,6,0,4,0,0,0,412,1,9,422,1102
,1,AGUASCALIENTES,17,AGUASCALIENTES,1,AGUASCALIENTES,245,2,109,17,7,2,3,36,159,10,4,1,0,0,0,348,0,16,364,825
,1,AGUASCALIENTES,9,AGUASCALIENTES,1,AGUASCALIENTES,246,2,97,28,19,3,2,47,187,4,5,3,0,0,0,395,2,16,413,956
,1,AGUASCALIENTES,9,AGUASCALIENTES,1,AGUASCALIENTES,247,2,104,31,15,2,2,27,145,8,7,1,0,0,1,343,0,6,349,922
,1,AGUASCALIENTES,9,AGUASCALIENTES,1,AGUASCALIENTES,248,1,81,6,7,1,4,18,145,5,4,2,1,0,0,274,0,18,292,741
,1,AGUASCALIENTES,9,AGUASCALIENTES,1,AGUASCALIENTES,249,2,157,22,21,7,5,26,208,8,3,7,1,0,0,465,0,19,484,1339
,1,AGUASCALIENTES,9,AGUASCALIENTES,1,AGUASCALIENTES,250,2,100,26,27,4,4,27,125,10,4,2,1,0,0,330,1,16,347,832
,1,AGUASCALIENTES,9,AGUASCALIENTES,1,AGUASCALIENTES,251,2,99,11,47,4,4,25,193,3,5,0,0,2,0,393,0,15,408,1012
,1,AGUASCALIENTES,9,AGUASCALIENTES,1,AGUASCALIENTES,252,2,95,14,39,1,5,23,163,8,5,1,0,0,0,354,0,10,364,1014
,1,AGUASCALIENTES,9,AGUASCALIENTES,1,AGUASCALIENTES,253,2,111,9,29,4,4,17,116,4,5,4,0,0,0,303,0,13,316,887
,1,AGUASCALIENTES,9,AGUASCALIENTES,1,AGUASCALIENTES,254,2,82,6,7,1,3,22,128,8,1,1,0,0,0,259,0,11,270,853
,1,AGUASCALIENTES,9,AGUASCALIENTES,1,AGUASCALIENTES,255,2,82,14,25,2,0,25,130,7,1,8,1,0,0,295,0,11,306,840
,1,AGUASCALIENTES,9,AGUASCALIENTES,1,AGUASCALIENTES,256,2,123,13,37,3,2,26,165,5,4,0,0,0,0,378,0,15,393,1094
,1,AGUASCALIENTES,9,AGUASCALIENTES,1,AGUASCALIENTES,257,6,608,76,28,13,16,143,518,33,5,4,0,0,0,1444,1,16,1461,3874
,1,AGUASCALIENTES,9,AGUASCALIENTES,1,AGUASCALIENTES,258,2,141,32,40,1,4,51,191,3,9,8,0,0,0,480,1,12,493,1269
,1,AGUASCALIENTES,18,AGUASCALIENTES,1,AGUASCALIENTES,259,1,64,4,2,2,0,19,81,3,2,3,0,0,0,180,0,7,187,418
,1,AGUASCALIENTES,18,AGUASCALIENTES,1,AGUASCALIENTES,260,3,352,37,19,7,9,81,347,9,20,7,1,0,2,891,0,28,919,1966
,1,AGUASCALIENTES,9,AGUASCALIENTES,1,AGUASCALIENTES,261,2,132,12,8,3,1,49,195,10,8,3,0,0,0,421,0,13,434,928
,1,AGUASCALIENTES,9,AGUASCALIENTES,1,AGUASCALIENTES,262,1,112,19,6,4,3,21,78,5,3,3,1,0,0,255,0,9,264,591
,1,AGUASCALIENTES,9,AGUASCALIENTES,1,AGUASCALIENTES,263,2,111,9,4,1,7,21,122,5,3,1,0,0,1,285,0,6,291,751
,1,AGUASCALIENTES,9,AGUASCALIENTES,1,AGUASCALIENTES,264,2,117,26,11,2,5,48,163,8,2,6,0,0,0,388,1,11,400,892
,1,AGUASCALIENTES,9,AGUASCALIENTES,1,AGUASCALIENTES,265,2,121,20,0,4,2,39,155,3,4,3,0,0,0,351,0,9,360,807
,1,AGUASCALIENTES,9,AGUASCALIENTES,1,AGUASCALIENTES,266,1,119,17,7,1,2,22,162,6,3,4,1,0,0,344,0,8,352,710
,1,AGUASCALIENTES,9,AGUASCALIENTES,1,AGUASCALIENTES,267,2,157,18,36,6,6,37,232,10,14,5,0,0,0,521,0,24,545,1286
,1,AGUASCALIENTES,9,AGUASCALIENTES,1,AGUASCALIENTES,268,1,83,15,8,2,2,28,97,5,2,5,0,0,2,249,0,5,254,632
,1,AGUASCALIENTES,9,AGUASCALIENTES,1,AGUASCALIENTES,269,2,158,11,6,2,2,33,112,10,9,8,0,0,0,351,0,14,365,823
,1,AGUASCALIENTES,9,AGUASCALIENTES,1,AGUASCALIENTES,270,12,1540,140,47,25,29,397,1386,46,44,20,5,1,0,3680,3,196,3879,8449
,1,AGUASCALIENTES,10,AGUASCALIENTES,1,AGUASCALIENTES,271,2,155,16,8,2,2,26,144,3,7,6,1,0,0,370,0,11,381,857
,1,AGUASCALIENTES,10,AGUASCALIENTES,1,AGUASCALIENTES,272,2,173,17,8,2,4,39,156,4,6,0,0,0,0,409,0,10,419,800
,1,AGUASCALIENTES,10,AGUASCALIENTES,1,AGUASCALIENTES,273,1,166,18,8,3,2,25,130,5,9,4,0,0,0,370,1,7,378,739
,1,AGUASCALIENTES,17,AGUASCALIENTES,1,AGUASCALIENTES,274,2,203,21,12,1,3,31,104,2,7,3,0,0,0,387,1,14,402,764
,1,AGUASCALIENTES,17,AGUASCALIENTES,1,AGUASCALIENTES,275,2,191,33,4,2,3,38,136,5,10,5,0,0,1,428,0,6,434,845
,1,AGUASCALIENTES,17,AGUASCALIENTES,1,AGUASCALIENTES,276,2,277,21,4,2,1,45,118,8,19,0,4,0,0,499,4,9,512,912
,1,AGUASCALIENTES,17,AGUASCALIENTES,1,AGUASCALIENTES,277,1,233,50,4,3,5,21,84,3,2,1,0,0,0,406,0,6,412,718
,1,AGUASCALIENTES,17,AGUASCALIENTES,1,AGUASCALIENTES,278,1,244,31,1,1,5,26,106,4,6,3,0,0,0,427,1,11,439,721
,1,AGUASCALIENTES,10,AGUASCALIENTES,1,AGUASCALIENTES,279,1,214,31,4,2,2,26,88,4,13,3,0,0,0,387,0,5,392,607
,1,AGUASCALIENTES,10,AGUASCALIENTES,1,AGUASCALIENTES,280,1,180,25,3,2,1,33,86,3,5,5,1,0,0,344,0,4,348,599
,1,AGUASCALIENTES,10,AGUASCALIENTES,1,AGUASCALIENTES,281,1,265,20,2,2,5,27,88,1,4,1,0,0,0,415,0,5,420,649
,1,AGUASCALIENTES,10,AGUASCALIENTES,1,AGUASCALIENTES,282,2,256,21,11,1,2,26,122,3,3,5,1,0,0,451,0,11,462,965
,1,AGUASCALIENTES,10,AGUASCALIENTES,1,AGUASCALIENTES,283,1,264,19,4,1,3,33,68,3,10,5,0,0,0,410,0,10,420,621
,1,AGUASCALIENTES,10,AGUASCALIENTES,1,AGUASCALIENTES,284,2,227,25,7,6,9,30,177,10,3,4,1,0,0,499,2,19,520,1085
,1,AGUASCALIENTES,17,AGUASCALIENTES,1,AGUASCALIENTES,285,1,162,19,7,3,4,30,101,0,2,3,0,0,0,331,0,7,338,623
,1,AGUASCALIENTES,17,AGUASCALIENTES,1,AGUASCALIENTES,286,1,131,19,4,2,1,20,87,0,2,2,0,0,0,268,0,20,288,552
,1,AGUASCALIENTES,17,AGUASCALIENTES,1,AGUASCALIENTES,287,1,110,17,2,0,2,22,93,3,2,0,0,0,0,251,1,8,260,557
,1,AGUASCALIENTES,17,AGUASCALIENTES,1,AGUASCALIENTES,288,2,186,25,7,3,3,23,118,4,7,5,3,0,0,384,0,20,404,787
,1,AGUASCALIENTES,17,AGUASCALIENTES,1,AGUASCALIENTES,289,1,153,18,10,2,2,29,105,5,5,3,0,0,0,332,1,16,349,710
,1,AGUASCALIENTES,17,AGUASCALIENTES,1,AGUASCALIENTES,290,1,153,19,2,1,2,30,112,1,7,1,0,0,0,328,0,8,336,657
,1,AGUASCALIENTES,17,AGUASCALIENTES,1,AGUASCALIENTES,291,2,235,32,15,7,5,58,232,8,14,3,0,0,1,610,1,16,627,1227
,1,AGUASCALIENTES,17,AGUASCALIENTES,1,AGUASCALIENTES,292,2,155,25,3,2,6,36,127,6,5,3,0,1,0,369,0,18,387,989
,1,AGUASCALIENTES,10,AGUASCALIENTES,1,AGUASCALIENTES,293,2,172,16,2,2,1,40,177,3,6,7,0,0,0,426,0,16,442,923
,1,AGUASCALIENTES,17,AGUASCALIENTES,1,AGUASCALIENTES,294,2,171,16,8,6,6,41,160,9,7,0,1,0,0,425,4,14,443,990
,1,AGUASCALIENTES,17,AGUASCALIENTES,1,AGUASCALIENTES,295,2,202,19,4,7,3,29,191,6,9,6,0,0,0,476,0,13,489,1117
,1,AGUASCALIENTES,17,AGUASCALIENTES,1,AGUASCALIENTES,296,2,181,26,7,6,7,48,154,8,5,8,1,0,1,452,0,17,469,966
,1,AGUASCALIENTES,17,AGUASCALIENTES,1,AGUASCALIENTES,297,2,178,19,7,0,4,29,130,10,7,3,0,0,0,387,0,6,393,838
,1,AGUASCALIENTES,17,AGUASCALIENTES,1,AGUASCALIENTES,298,2,196,29,15,3,9,52,187,14,7,1,2,1,0,516,2,18,536,1188
,1,AGUASCALIENTES,17,AGUASCALIENTES,1,AGUASCALIENTES,299,2,186,24,9,2,2,37,193,2,6,3,0,0,1,465,1,10,476,1165
,1,AGUASCALIENTES,10,AGUASCALIENTES,1,AGUASCALIENTES,300,2,187,17,10,3,2,31,191,1,12,3,0,0,1,458,0,15,473,972
,1,AGUASCALIENTES,10,AGUASCALIENTES,1,AGUASCALIENTES,301,8,1671,180,28,14,7,227,821,29,34,14,0,0,1,3026,0,52,3078,5321
,1,AGUASCALIENTES,10,AGUASCALIENTES,1,AGUASCALIENTES,302,3,420,47,12,9,7,80,291,9,13,9,1,0,0,898,0,15,913,1982
,1,AGUASCALIENTES,10,AGUASCALIENTES,1,AGUASCALIENTES,303,3,463,42,9,2,6,118,313,23,10,6,3,0,0,995,1,29,1025,1982
,1,AGUASCALIENTES,10,AGUASCALIENTES,1,AGUASCALIENTES,304,2,179,28,17,3,6,49,190,11,8,4,1,0,0,496,0,19,515,1159
,1,AGUASCALIENTES,10,AGUASCALIENTES,1,AGUASCALIENTES,305,2,169,28,14,6,4,30,220,4,6,9,1,0,0,491,0,15,506,1112
,1,AGUASCALIENTES,10,AGUASCALIENTES,1,AGUASCALIENTES,306,2,138,24,22,2,1,33,246,7,2,4,2,0,0,481,0,13,494,1035
,1,AGUASCALIENTES,10,AGUASCALIENTES,1,AGUASCALIENTES,307,2,221,22,14,4,4,49,263,14,11,5,1,0,1,609,1,9,619,1213
,1,AGUASCALIENTES,10,AGUASCALIENTES,1,AGUASCALIENTES,308,2,190,30,7,1,0,46,194,7,6,1,0,0,0,482,1,16,499,932
,1,AGUASCALIENTES,10,AGUASCALIENTES,1,AGUASCALIENTES,309,2,232,24,2,5,3,24,195,9,11,9,0,0,0,514,0,16,530,998
,1,AGUASCALIENTES,9,AGUASCALIENTES,1,AGUASCALIENTES,310,2,237,28,9,1,6,39,212,8,11,4,1,0,0,556,0,9,565,1068
,1,AGUASCALIENTES,9,AGUASCALIENTES,1,AGUASCALIENTES,311,2,211,31,2,6,6,36,239,4,9,6,1,0,0,551,0,9,560,1057
,1,AGUASCALIENTES,9,AGUASCALIENTES,1,AGUASCALIENTES,312,2,200,50,15,8,4,69,219,7,7,3,2,0,0,584,0,16,600,1117
,1,AGUASCALIENTES,9,AGUASCALIENTES,1,AGUASCALIENTES,313,2,147,37,40,4,7,43,221,7,18,4,6,0,2,536,0,22,558,1241
,1,AGUASCALIENTES,9,AGUASCALIENTES,1,AGUASCALIENTES,314,2,177,19,15,4,9,26,180,4,6,5,1,0,0,446,0,20,466,1096
,1,AGUASCALIENTES,18,AGUASCALIENTES,1,AGUASCALIENTES,315,6,766,92,19,24,23,170,550,32,31,21,0,0,4,1732,1,87,1820,3995
,1,AGUASCALIENTES,12,AGUASCALIENTES,1,AGUASCALIENTES,316,4,407,100,23,8,7,45,614,25,11,13,2,0,1,1256,0,32,1288,2854
,1,AGUASCALIENTES,12,AGUASCALIENTES,1,AGUASCALIENTES,317,4,579,62,47,16,10,57,416,25,19,13,0,0,1,1245,0,33,1278,2666
,1,AGUASCALIENTES,6,AGUASCALIENTES,1,AGUASCALIENTES,320,8,1718,178,30,8,8,167,431,12,35,12,2,0,3,2604,2,41,2647,5474
,1,AGUASCALIENTES,10,AGUASCALIENTES,1,AGUASCALIENTES,321,3,485,42,48,6,9,65,192,6,11,9,0,0,1,874,0,23,897,1782
,1,AGUASCALIENTES,10,AGUASCALIENTES,1,AGUASCALIENTES,322,14,2329,213,83,37,26,416,1448,41,59,29,5,0,0,4686,1,133,4820,10020
,1,AGUASCALIENTES,18,AGUASCALIENTES,1,AGUASCALIENTES,323,11,855,142,56,18,25,189,846,36,25,23,2,0,0,2217,1,83,2301,6322
,1,AGUASCALIENTES,18,AGUASCALIENTES,1,AGUASCALIENTES,324,3,324,46,17,4,9,45,147,15,18,17,1,0,0,643,0,33,676,1957
,1,AGUASCALIENTES,9,AGUASCALIENTES,1,AGUASCALIENTES,326,13,2394,190,34,33,21,392,1158,25,52,18,3,0,0,4320,3,62,4385,8425
,1,AGUASCALIENTES,10,AGUASCALIENTES,1,AGUASCALIENTES,327,9,1796,207,17,19,14,175,596,23,51,32,3,0,0,2933,1,40,2974,5622
,1,AGUASCALIENTES,10,AGUASCALIENTES,1,AGUASCALIENTES,328,3,378,44,3,6,7,32,178,8,8,21,2,0,0,687,0,16,703,1623
,1,AGUASCALIENTES,9,AGUASCALIENTES,1,AGUASCALIENTES,329,2,116,38,30,5,4,23,150,11,5,3,0,0,0,385,0,15,400,1029
,1,AGUASCALIENTES,9,AGUASCALIENTES,1,AGUASCALIENTES,330,4,372,124,8,11,6,55,286,11,23,10,0,1,1,908,0,33,941,2712
,1,AGUASCALIENTES,9,AGUASCALIENTES,1,AGUASCALIENTES,331,7,857,111,18,17,11,150,582,19,20,12,0,0,3,1800,1,44,1845,4255
,1,AGUASCALIENTES,18,AGUASCALIENTES,1,AGUASCALIENTES,332,4,299,66,3,12,6,68,442,20,10,9,1,0,0,936,0,25,961,2561
,1,AGUASCALIENTES,9,AGUASCALIENTES,1,AGUASCALIENTES,333,5,381,82,11,11,7,89,445,18,7,9,1,0,1,1062,0,37,1099,2269
,1,AGUASCALIENTES,9,AGUASCALIENTES,1,AGUASCALIENTES,334,3,230,28,3,13,2,52,335,21,7,6,1,0,0,698,0,28,726,1997
,1,AGUASCALIENTES,9,AGUASCALIENTES,1,AGUASCALIENTES,335,1,125,34,4,3,3,30,115,10,3,7,1,1,0,336,0,9,345,749
,1,AGUASCALIENTES,9,AGUASCALIENTES,1,AGUASCALIENTES,336,2,141,61,10,2,3,27,241,11,5,5,1,0,0,507,0,21,528,1224
,1,AGUASCALIENTES,9,AGUASCALIENTES,1,AGUASCALIENTES,337,2,131,64,8,4,4,19,187,16,2,6,0,1,0,442,0,22,464,1316
,1,AGUASCALIENTES,2,PALO ALTO,2,ASIENTOS,338,3,510,32,5,7,2,41,292,8,8,7,2,4,0,918,0,33,951,1879
,1,AGUASCALIENTES,2,PALO ALTO,2,ASIENTOS,339,3,558,33,3,2,3,26,210,17,13,9,1,0,0,875,0,14,889,1764
,1,AGUASCALIENTES,2,PALO ALTO,2,ASIENTOS,340,3,535,43,13,2,5,24,181,10,14,18,3,0,1,849,0,11,860,1854
,1,AGUASCALIENTES,2,PALO ALTO,2,ASIENTOS,341,3,720,38,11,10,13,44,252,10,6,11,1,1,0,1117,1,33,1151,2226
,1,AGUASCALIENTES,2,PALO ALTO,2,ASIENTOS,342,3,544,117,6,8,5,23,186,11,8,10,0,1,0,919,0,15,934,1640
,1,AGUASCALIENTES,2,PALO ALTO,2,ASIENTOS,343,5,1053,118,11,12,10,79,388,21,41,25,2,0,0,1760,0,35,1795,3273
,1,AGUASCALIENTES,2,PALO ALTO,2,ASIENTOS,344,4,882,150,21,16,25,51,265,12,29,21,1,0,0,1473,0,41,1514,2705
,1,AGUASCALIENTES,2,PALO ALTO,2,ASIENTOS,345,4,485,123,54,14,7,39,244,23,24,6,5,0,0,1024,0,40,1064,2313
,1,AGUASCALIENTES,2,PALO ALTO,2,ASIENTOS,346,3,540,95,51,9,8,44,172,13,8,31,2,6,0,979,1,23,1003,1910
,1,AGUASCALIENTES,2,PALO ALTO,2,ASIENTOS,347,4,987,102,59,6,4,40,303,14,29,17,5,1,0,1567,0,42,1609,2784
,1,AGUASCALIENTES,2,PALO ALTO,2,ASIENTOS,348,3,508,39,40,4,6,36,241,13,18,7,2,0,2,916,0,28,944,1837
,1,AGUASCALIENTES,2,PALO ALTO,2,ASIENTOS,349,4,778,66,40,7,9,48,301,11,34,8,3,0,0,1305,0,32,1337,2665
,1,AGUASCALIENTES,2,PALO ALTO,2,ASIENTOS,350,4,628,44,65,15,8,38,283,17,26,16,6,1,1,1148,1,32,1181,2699
,1,AGUASCALIENTES,2,PALO ALTO,2,ASIENTOS,351,3,462,28,137,5,3,30,157,7,11,4,2,0,0,846,0,13,859,1547
,1,AGUASCALIENTES,2,PALO ALTO,2,ASIENTOS,352,4,649,108,39,13,8,31,236,14,16,13,1,1,0,1129,3,35,1167,2486
,1,AGUASCALIENTES,2,PALO ALTO,2,ASIENTOS,353,3,546,57,41,9,4,26,170,5,18,19,1,0,0,896,0,18,914,1635
,1,AGUASCALIENTES,2,PALO ALTO,2,ASIENTOS,354,2,326,76,17,3,6,30,242,10,12,5,1,0,0,728,6,8,742,1475
,1,AGUASCALIENTES,8,CALVILLO,3,CALVILLO,355,3,429,35,20,7,8,37,226,8,14,4,1,1,0,790,1,14,805,1682
,1,AGUASCALIENTES,8,CALVILLO,3,CALVILLO,356,4,512,54,34,13,13,58,426,19,19,7,1,0,0,1156,0,45,1201,2848
,1,AGUASCALIENTES,8,CALVILLO,3,CALVILLO,357,3,353,56,16,5,15,43,208,8,9,4,0,1,0,718,0,14,732,1822
,1,AGUASCALIENTES,8,CALVILLO,3,CALVILLO,358,5,695,54,53,13,29,67,551,27,18,12,5,1,0,1525,0,68,1593,3648
,1,AGUASCALIENTES,8,CALVILLO,3,CALVILLO,359,2,222,16,8,8,4,24,156,6,6,0,1,0,0,451,0,11,462,1091
,1,AGUASCALIENTES,8,CALVILLO,3,CALVILLO,360,2,140,12,4,4,3,21,125,6,3,2,2,0,0,322,0,11,333,813
,1,AGUASCALIENTES,8,CALVILLO,3,CALVILLO,361,3,400,39,9,8,11,47,320,13,11,6,2,1,0,867,0,16,883,1885
,1,AGUASCALIENTES,8,CALVILLO,3,CALVILLO,362,5,669,44,30,20,16,97,514,29,10,6,0,1,2,1438,0,35,1473,2393
,1,AGUASCALIENTES,8,CALVILLO,3,CALVILLO,363,3,425,50,32,13,11,42,328,27,9,6,5,3,0,951,0,38,989,2016
,1,AGUASCALIENTES,8,CALVILLO,3,CALVILLO,364,1,140,18,5,5,5,9,51,2,3,4,0,0,0,242,1,4,247,612
,1,AGUASCALIENTES,8,CALVILLO,3,CALVILLO,365,1,73,8,3,1,3,4,64,6,0,0,0,0,0,162,0,5,167,368
,1,AGUASCALIENTES,8,CALVILLO,3,CALVILLO,366,1,128,9,20,3,4,7,94,10,1,2,1,0,0,279,0,19,298,693
,1,AGUASCALIENTES,8,CALVILLO,3,CALVILLO,367,3,326,40,24,6,10,33,348,22,5,6,1,0,0,821,0,36,857,1788
,1,AGUASCALIENTES,8,CALVILLO,3,CALVILLO,369,1,64,5,16,7,5,8,70,7,0,0,1,0,0,183,0,12,195,446
,1,AGUASCALIENTES,8,CALVILLO,3,CALVILLO,370,2,198,14,5,9,8,31,272,18,2,4,0,0,1,562,2,37,601,1387
,1,AGUASCALIENTES,8,CALVILLO,3,CALVILLO,371,2,193,16,4,10,7,29,128,7,2,2,0,0,0,398,1,27,426,1136
,1,AGUASCALIENTES,8,CALVILLO,3,CALVILLO,372,2,242,6,12,7,6,27,137,6,3,7,0,0,0,453,0,16,469,1134
,1,AGUASCALIENTES,8,CALVILLO,3,CALVILLO,373,3,368,34,22,12,12,55,223,14,5,8,4,0,0,757,0,30,787,1626
,1,AGUASCALIENTES,8,CALVILLO,3,CALVILLO,374,2,182,31,10,16,5,43,168,20,8,3,0,0,0,486,0,27,513,1100
,1,AGUASCALIENTES,8,CALVILLO,3,CALVILLO,375,3,312,31,32,18,7,56,310,17,8,5,2,0,1,799,2,40,841,2040
,1,AGUASCALIENTES,8,CALVILLO,3,CALVILLO,376,3,351,41,15,25,22,62,272,29,6,3,1,0,0,827,1,53,881,2191
,1,AGUASCALIENTES,8,CALVILLO,3,CALVILLO,377,3,238,23,9,8,11,48,279,15,5,1,0,0,1,638,0,33,671,1599
,1,AGUASCALIENTES,8,CALVILLO,3,CALVILLO,378,1,69,15,3,4,7,10,44,10,1,1,0,0,0,164,0,10,174,412
,1,AGUASCALIENTES,8,CALVILLO,3,CALVILLO,379,2,275,13,8,12,4,29,254,16,8,3,0,0,0,622,2,33,657,1489
,1,AGUASCALIENTES,8,CALVILLO,3,CALVILLO,380,3,378,17,17,32,29,62,228,31,6,8,1,0,0,809,0,55,864,1959
,1,AGUASCALIENTES,8,CALVILLO,3,CALVILLO,381,2,185,12,4,8,5,35,198,5,3,7,0,0,0,462,0,18,480,1164
,1,AGUASCALIENTES,8,CALVILLO,3,CALVILLO,382,3,373,36,15,17,10,40,302,26,6,5,2,0,0,832,0,36,868,1861
,1,AGUASCALIENTES,8,CALVILLO,3,CALVILLO,383,4,455,24,69,16,12,45,438,21,15,4,3,0,0,1102,1,50,1153,2620
,1,AGUASCALIENTES,8,CALVILLO,3,CALVILLO,384,2,252,18,33,16,9,42,231,15,0,1,1,0,1,619,0,29,648,1438
,1,AGUASCALIENTES,8,CALVILLO,3,CALVILLO,385,3,292,32,18,10,11,30,203,24,4,6,1,0,1,632,0,35,667,1630
,1,AGUASCALIENTES,8,CALVILLO,3,CALVILLO,386,3,336,29,14,15,13,38,225,13,9,3,1,0,0,696,0,34,730,1573
,1,AGUASCALIENTES,1,RINCON DE ROMOS,4,COSIO,387,5,774,144,19,9,16,56,505,22,35,21,2,2,2,1607,0,34,1641,3283
,1,AGUASCALIENTES,1,RINCON DE ROMOS,4,COSIO,388,3,553,147,8,1,9,32,360,19,15,6,2,1,0,1153,1,13,1167,2211
,1,AGUASCALIENTES,1,RINCON DE ROMOS,4,COSIO,389,3,405,110,1,7,2,22,204,9,13,13,2,0,0,788,0,14,802,1845
,1,AGUASCALIENTES,1,RINCON DE ROMOS,4,COSIO,390,4,619,54,17,7,16,33,365,19,9,9,1,2,0,1151,0,26,1177,2412
,1,AGUASCALIENTES,1,RINCON DE ROMOS,4,COSIO,391,4,781,111,4,5,6,33,340,15,21,8,4,0,0,1328,0,18,1346,2593
,1,AGUASCALIENTES,7,JESUS MARIA,5,JESUS MARIA,392,10,1276,211,22,22,37,175,692,42,33,29,4,3,1,2547,0,91,2638,7228
,1,AGUASCALIENTES,7,JESUS MARIA,5,JESUS MARIA,393,5,659,65,20,12,6,103,333,15,14,12,4,0,1,1244,0,31,1275,3260
,1,AGUASCALIENTES,7,JESUS MARIA,5,JESUS MARIA,394,8,965,168,44,14,21,114,516,42,38,17,4,0,2,1945,2,63,2010,5422
,1,AGUASCALIENTES,7,JESUS MARIA,5,JESUS MARIA,395,3,357,105,7,3,6,42,182,3,9,8,0,0,0,722,0,29,751,1560
,1,AGUASCALIENTES,7,JESUS MARIA,5,JESUS MARIA,396,8,1201,163,35,11,14,157,668,33,40,14,3,0,1,2340,3,53,2396,5439
,1,AGUASCALIENTES,7,JESUS MARIA,5,JESUS MARIA,397,14,1693,260,55,27,35,265,1253,42,51,32,5,0,2,3720,3,86,3809,10181
,1,AGUASCALIENTES,7,JESUS MARIA,5,JESUS MARIA,398,2,253,49,3,4,6,25,138,11,6,8,0,0,1,504,0,10,514,1258
,1,AGUASCALIENTES,7,JESUS MARIA,5,JESUS MARIA,399,3,310,68,19,5,5,24,169,10,8,4,1,0,2,625,0,17,642,1632
,1,AGUASCALIENTES,4,SAN FRANCISCO DE LOS ROMO,5,JESUS MARIA,400,3,253,58,8,10,4,30,192,10,4,6,0,0,0,575,1,16,592,1603
,1,AGUASCALIENTES,4,SAN FRANCISCO DE LOS ROMO,5,JESUS MARIA,401,5,492,71,18,17,8,94,590,21,17,14,0,0,0,1342,0,39,1381,3511
,1,AGUASCALIENTES,4,SAN FRANCISCO DE LOS ROMO,5,JESUS MARIA,402,2,219,33,7,4,3,24,148,7,7,8,1,0,0,461,0,14,475,1117
,1,AGUASCALIENTES,4,SAN FRANCISCO DE LOS ROMO,5,JESUS MARIA,403,7,869,75,28,15,20,180,701,23,34,14,1,0,0,1960,0,52,2012,4621
,1,AGUASCALIENTES,4,SAN FRANCISCO DE LOS ROMO,10,SAN FRANCISCO DE LOS ROMO,404,2,490,37,5,1,4,55,140,8,3,0,1,0,0,744,0,10,754,813
,1,AGUASCALIENTES,4,SAN FRANCISCO DE LOS ROMO,5,JESUS MARIA,405,14,2142,347,77,35,26,356,1352,48,54,27,3,0,1,4468,4,101,4573,9536
,1,AGUASCALIENTES,7,JESUS MARIA,5,JESUS MARIA,406,6,634,73,104,19,21,97,421,23,20,12,4,0,0,1428,0,36,1464,3953
,1,AGUASCALIENTES,7,JESUS MARIA,5,JESUS MARIA,407,2,256,73,4,10,5,18,93,12,5,9,0,0,0,485,0,12,497,1127
,1,AGUASCALIENTES,7,JESUS MARIA,5,JESUS MARIA,408,1,79,34,2,2,1,3,33,4,1,7,0,0,0,166,0,7,173,348
,1,AGUASCALIENTES,7,JESUS MARIA,5,JESUS MARIA,409,2,340,48,4,8,5,32,96,3,3,9,0,0,1,549,0,6,555,1036
,1,AGUASCALIENTES,7,JESUS MARIA,5,JESUS MARIA,410,5,672,95,17,14,7,66,320,17,19,18,0,0,0,1245,0,35,1280,2749
,1,AGUASCALIENTES,7,JESUS MARIA,5,JESUS MARIA,411,11,1758,232,52,20,25,217,728,33,60,28,4,0,2,3159,1,78,3238,7784
,1,AGUASCALIENTES,7,JESUS MARIA,5,JESUS MARIA,412,5,823,112,7,12,15,115,330,25,20,16,1,0,1,1477,1,48,1526,3748
,1,AGUASCALIENTES,4,SAN FRANCISCO DE LOS ROMO,5,JESUS MARIA,413,15,3566,281,51,21,34,365,1118,32,35,14,6,2,0,5525,3,74,5602,10898
,1,AGUASCALIENTES,7,JESUS MARIA,5,JESUS MARIA,414,4,817,124,17,1,7,89,309,26,17,13,1,1,1,1423,1,24,1448,2856
,1,AGUASCALIENTES,3,PABELLON DE ARTEAGA,6,PABELLON DE ARTEAGA,415,8,998,445,219,12,25,90,857,30,45,20,8,7,1,2757,2,74,2833,5682
,1,AGUASCALIENTES,3,PABELLON DE ARTEAGA,6,PABELLON DE ARTEAGA,416,2,234,149,26,5,6,30,268,8,6,1,1,0,0,734,0,24,758,1368
,1,AGUASCALIENTES,3,PABELLON DE ARTEAGA,6,PABELLON DE ARTEAGA,417,2,247,140,45,4,4,29,238,7,14,8,1,1,0,738,0,17,755,1382
,1,AGUASCALIENTES,3,PABELLON DE ARTEAGA,6,PABELLON DE ARTEAGA,418,2,213,127,32,1,17,13,175,6,7,0,4,2,0,597,0,16,613,1168
,1,AGUASCALIENTES,3,PABELLON DE ARTEAGA,6,PABELLON DE ARTEAGA,419,3,276,171,63,3,11,30,302,9,10,4,1,0,1,881,0,23,904,1592
,1,AGUASCALIENTES,3,PABELLON DE ARTEAGA,6,PABELLON DE ARTEAGA,420,2,183,81,36,0,7,13,195,7,14,1,1,1,0,539,0,13,552,1003
,1,AGUASCALIENTES,3,PABELLON DE ARTEAGA,6,PABELLON DE ARTEAGA,421,8,723,427,322,7,39,58,791,28,47,21,8,5,1,2477,0,82,2559,5434
,1,AGUASCALIENTES,3,PABELLON DE ARTEAGA,6,PABELLON DE ARTEAGA,422,2,166,81,49,2,5,20,165,5,11,2,2,0,0,508,0,16,524,959
,1,AGUASCALIENTES,3,PABELLON DE ARTEAGA,6,PABELLON DE ARTEAGA,423,2,165,107,58,2,11,17,230,8,17,5,1,0,0,621,0,20,641,1300
,1,AGUASCALIENTES,3,PABELLON DE ARTEAGA,6,PABELLON DE ARTEAGA,424,5,544,285,144,3,13,58,629,13,22,13,3,1,0,1728,2,48,1778,3272
,1,AGUASCALIENTES,3,PABELLON DE ARTEAGA,6,PABELLON DE ARTEAGA,425,2,121,47,68,0,5,14,165,3,7,3,1,0,0,434,0,12,446,833
,1,AGUASCALIENTES,3,PABELLON DE ARTEAGA,6,PABELLON DE ARTEAGA,426,2,205,126,44,1,11,14,133,10,10,8,3,2,0,567,0,16,583,1237
,1,AGUASCALIENTES,3,PABELLON DE ARTEAGA,6,PABELLON DE ARTEAGA,427,2,228,125,79,1,13,11,155,11,7,8,3,0,0,641,0,20,661,1112
,1,AGUASCALIENTES,3,PABELLON DE ARTEAGA,6,PABELLON DE ARTEAGA,428,4,412,171,84,4,11,43,349,20,15,16,3,1,0,1129,0,34,1163,2621
,1,AGUASCALIENTES,3,PABELLON DE ARTEAGA,6,PABELLON DE ARTEAGA,429,4,402,286,113,7,15,38,325,35,14,20,4,3,0,1262,0,27,1289,2327
,1,AGUASCALIENTES,3,PABELLON DE ARTEAGA,6,PABELLON DE ARTEAGA,430,2,150,352,108,2,6,13,118,9,6,3,2,6,0,775,0,13,788,1409
,1,AGUASCALIENTES,1,RINCON DE ROMOS,7,RINCON DE ROMOS,431,2,160,13,2,5,5,13,170,7,6,0,2,0,0,383,0,8,391,807
,1,AGUASCALIENTES,1,RINCON DE ROMOS,7,RINCON DE ROMOS,432,4,334,59,8,3,34,35,374,15,14,20,4,2,0,902,0,39,941,2640
,1,AGUASCALIENTES,1,RINCON DE ROMOS,7,RINCON DE ROMOS,433,2,153,21,10,2,5,9,197,6,9,5,2,0,0,419,1,6,426,864
,1,AGUASCALIENTES,1,RINCON DE ROMOS,7,RINCON DE ROMOS,434,2,172,32,4,1,4,11,195,8,6,5,0,0,0,438,0,10,448,785
,1,AGUASCALIENTES,1,RINCON DE ROMOS,7,RINCON DE ROMOS,435,2,234,28,2,3,4,16,189,7,12,2,0,0,0,497,0,7,504,878
,1,AGUASCALIENTES,1,RINCON DE ROMOS,7,RINCON DE ROMOS,436,7,699,106,44,12,10,79,758,45,44,14,5,1,0,1817,1,54,1872,4775
,1,AGUASCALIENTES,1,RINCON DE ROMOS,7,RINCON DE ROMOS,437,4,406,66,49,1,12,40,458,25,22,10,1,0,0,1090,0,49,1139,2512
,1,AGUASCALIENTES,1,RINCON DE ROMOS,7,RINCON DE ROMOS,438,1,144,37,3,0,2,10,143,1,10,4,0,0,0,354,0,8,362,646
,1,AGUASCALIENTES,1,RINCON DE ROMOS,7,RINCON DE ROMOS,439,3,364,52,6,6,7,20,361,13,20,10,1,0,0,860,0,30,890,1766
,1,AGUASCALIENTES,1,RINCON DE ROMOS,7,RINCON DE ROMOS,440,9,1102,197,32,12,24,117,1264,51,56,21,7,0,2,2885,2,78,2965,6498
,1,AGUASCALIENTES,1,RINCON DE ROMOS,7,RINCON DE ROMOS,441,2,180,32,9,2,7,22,251,6,4,10,2,1,0,526,0,8,534,1045
,1,AGUASCALIENTES,1,RINCON DE ROMOS,7,RINCON DE ROMOS,442,3,246,36,6,3,7,14,247,12,12,9,1,1,0,594,0,26,620,2138
,1,AGUASCALIENTES,1,RINCON DE ROMOS,7,RINCON DE ROMOS,443,3,306,72,3,9,15,42,293,33,17,11,2,0,0,803,0,19,822,1917
,1,AGUASCALIENTES,1,RINCON DE ROMOS,7,RINCON DE ROMOS,444,2,148,33,6,4,3,10,148,13,9,2,1,0,0,377,0,14,391,937
,1,AGUASCALIENTES,1,RINCON DE ROMOS,7,RINCON DE ROMOS,445,3,318,52,9,6,12,33,341,15,20,17,1,1,0,825,0,33,858,2039
,1,AGUASCALIENTES,1,RINCON DE ROMOS,7,RINCON DE ROMOS,446,3,255,22,5,9,5,30,293,19,19,10,0,0,1,668,0,15,683,1678
,1,AGUASCALIENTES,1,RINCON DE ROMOS,7,RINCON DE ROMOS,447,4,382,51,9,7,7,30,294,18,30,15,3,1,0,847,0,40,887,2379
,1,AGUASCALIENTES,1,RINCON DE ROMOS,7,RINCON DE ROMOS,448,2,241,23,7,5,3,22,106,10,32,0,1,0,0,450,0,11,461,1159
,1,AGUASCALIENTES,1,RINCON DE ROMOS,7,RINCON DE ROMOS,449,4,458,87,29,3,15,35,276,16,26,26,5,0,0,976,0,34,1010,2271
,1,AGUASCALIENTES,1,RINCON DE ROMOS,7,RINCON DE ROMOS,450,2,192,61,28,4,5,14,179,7,17,8,2,0,0,517,0,9,526,1302
,1,AGUASCALIENTES,1,RINCON DE ROMOS,7,RINCON DE ROMOS,451,1,129,24,1,3,12,10,107,11,16,7,2,0,1,323,1,13,337,722
,1,AGUASCALIENTES,8,CALVILLO,8,SAN JOSE DE GRACIA,452,2,316,53,11,1,30,14,307,5,7,5,0,0,0,749,0,17,766,1355
,1,AGUASCALIENTES,8,CALVILLO,8,SAN JOSE DE GRACIA,453,3,475,49,17,2,30,22,300,11,13,5,0,0,0,924,0,26,950,1598
,1,AGUASCALIENTES,8,CALVILLO,8,SAN JOSE DE GRACIA,454,3,384,69,7,2,19,24,333,8,9,4,0,0,0,859,0,14,873,1522
,1,AGUASCALIENTES,8,CALVILLO,8,SAN JOSE DE GRACIA,455,1,131,12,2,2,2,10,34,3,1,2,0,1,0,200,0,3,203,354
,1,AGUASCALIENTES,8,CALVILLO,8,SAN JOSE DE GRACIA,456,1,116,24,1,1,3,4,48,4,3,2,0,0,0,206,0,8,214,418
,1,AGUASCALIENTES,8,CALVILLO,8,SAN JOSE DE GRACIA,457,2,248,42,20,1,5,10,121,7,9,5,1,0,0,469,0,9,478,846
,1,AGUASCALIENTES,8,CALVILLO,8,SAN JOSE DE GRACIA,458,2,391,45,13,2,6,18,147,5,13,5,2,0,1,648,0,16,664,1274
,1,AGUASCALIENTES,3,PABELLON DE ARTEAGA,9,TEPEZALA,460,3,440,30,24,5,1,116,199,14,11,10,1,0,0,851,0,23,874,1770
,1,AGUASCALIENTES,3,PABELLON DE ARTEAGA,9,TEPEZALA,461,3,486,36,21,7,5,84,274,12,10,8,4,0,0,947,0,15,962,1970
,1,AGUASCALIENTES,3,PABELLON DE ARTEAGA,9,TEPEZALA,462,3,599,70,4,5,8,41,241,15,14,1,0,0,0,998,0,23,1021,1865
,1,AGUASCALIENTES,3,PABELLON DE ARTEAGA,9,TEPEZALA,463,3,422,19,20,8,5,11,212,12,7,5,4,0,0,725,0,20,745,1560
,1,AGUASCALIENTES,3,PABELLON DE ARTEAGA,9,TEPEZALA,464,3,513,24,26,3,11,38,496,29,12,4,0,0,0,1156,0,19,1175,1902
,1,AGUASCALIENTES,3,PABELLON DE ARTEAGA,9,TEPEZALA,465,1,173,8,20,3,2,18,122,10,9,4,0,1,0,370,0,14,384,679
,1,AGUASCALIENTES,3,PABELLON DE ARTEAGA,9,TEPEZALA,466,2,255,8,11,7,3,15,96,12,4,3,2,0,0,416,0,13,429,810
,1,AGUASCALIENTES,3,PABELLON DE ARTEAGA,9,TEPEZALA,467,3,416,58,115,2,8,24,348,22,18,6,5,0,0,1022,0,23,1045,2180
,1,AGUASCALIENTES,3,PABELLON DE ARTEAGA,9,TEPEZALA,468,2,257,26,13,6,2,10,83,11,4,5,0,0,0,417,0,10,427,888
,1,AGUASCALIENTES,3,PABELLON DE ARTEAGA,9,TEPEZALA,469,4,640,68,25,7,9,37,505,29,12,10,2,1,0,1345,0,33,1378,2924
,1,AGUASCALIENTES,4,SAN FRANCISCO DE LOS ROMO,10,SAN FRANCISCO DE LOS ROMO,470,3,428,164,7,3,9,49,389,5,16,8,1,0,0,1079,0,26,1105,1349
,1,AGUASCALIENTES,4,SAN FRANCISCO DE LOS ROMO,10,SAN FRANCISCO DE LOS ROMO,471,3,216,187,9,5,4,41,267,7,7,6,0,0,0,749,0,21,770,1613
,1,AGUASCALIENTES,4,SAN FRANCISCO DE LOS ROMO,10,SAN FRANCISCO DE LOS ROMO,472,2,199,181,6,4,7,37,303,14,9,10,1,0,1,772,0,17,789,1421
,1,AGUASCALIENTES,4,SAN FRANCISCO DE LOS ROMO,10,SAN FRANCISCO DE LOS ROMO,473,13,942,869,47,27,24,234,1513,40,34,44,3,3,2,3782,0,124,3906,9213
,1,AGUASCALIENTES,4,SAN FRANCISCO DE LOS ROMO,10,SAN FRANCISCO DE LOS ROMO,474,2,197,216,5,6,3,24,128,9,9,4,0,0,0,601,0,18,619,1298
,1,AGUASCALIENTES,4,SAN FRANCISCO DE LOS ROMO,10,SAN FRANCISCO DE LOS ROMO,475,3,188,309,4,8,5,48,168,12,4,9,0,0,0,755,0,23,778,1613
,1,AGUASCALIENTES,4,SAN FRANCISCO DE LOS ROMO,10,SAN FRANCISCO DE LOS ROMO,476,10,511,740,29,13,18,104,804,20,22,30,2,1,0,2294,0,78,2372,6815
,1,AGUASCALIENTES,4,SAN FRANCISCO DE LOS ROMO,10,SAN FRANCISCO DE LOS ROMO,477,7,574,473,17,10,13,116,672,24,19,15,2,1,1,1937,1,46,1984,4760
,1,AGUASCALIENTES,4,SAN FRANCISCO DE LOS ROMO,10,SAN FRANCISCO DE LOS ROMO,478,15,952,1275,155,25,32,231,1429,41,78,68,3,7,1,4297,3,164,4464,11159
,1,AGUASCALIENTES,2,PALO ALTO,11,EL LLANO,479,4,675,107,44,3,19,26,393,21,18,16,3,1,0,1326,1,32,1359,2743
,1,AGUASCALIENTES,2,PALO ALTO,11,EL LLANO,480,3,517,79,20,2,15,25,380,8,16,10,1,0,2,1075,0,22,1097,2170
,1,AGUASCALIENTES,2,PALO ALTO,11,EL LLANO,481,2,287,29,70,3,8,22,277,11,6,9,0,1,1,724,0,21,745,1433
,1,AGUASCALIENTES,2,PALO ALTO,11,EL LLANO,482,4,684,76,143,5,12,20,392,12,29,5,8,0,1,1387,1,26,1414,2685
,1,AGUASCALIENTES,2,PALO ALTO,11,EL LLANO,483,2,345,11,61,2,13,13,123,12,4,2,1,0,0,587,0,26,613,1004
,1,AGUASCALIENTES,2,PALO ALTO,11,EL LLANO,484,2,204,34,53,3,10,32,124,12,8,5,4,1,0,490,0,15,505,951
,1,AGUASCALIENTES,2,PALO ALTO,11,EL LLANO,485,4,568,148,40,4,16,41,360,26,20,21,4,1,0,1249,0,31,1280,2723
,1,AGUASCALIENTES,2,PALO ALTO,11,EL LLANO,486,4,533,66,54,5,18,38,302,16,16,13,5,1,0,1067,0,30,1097,2464
,1,AGUASCALIENTES,3,PABELLON DE ARTEAGA,6,PABELLON DE ARTEAGA,488,1,28,37,4,2,0,4,32,1,2,2,0,1,0,113,0,3,116,217
,1,AGUASCALIENTES,13,AGUASCALIENTES,1,AGUASCALIENTES,489,2,88,13,10,1,1,16,131,5,1,5,0,0,2,273,1,12,286,772
,1,AGUASCALIENTES,13,AGUASCALIENTES,1,AGUASCALIENTES,490,1,71,14,5,4,2,29,160,5,5,2,1,0,0,298,0,8,306,711
,1,AGUASCALIENTES,13,AGUASCALIENTES,1,AGUASCALIENTES,491,2,80,24,4,2,3,29,118,7,7,2,0,0,0,276,1,15,292,790
,1,AGUASCALIENTES,13,AGUASCALIENTES,1,AGUASCALIENTES,492,2,97,27,5,3,2,15,127,11,4,3,0,0,0,294,0,8,302,911
,1,AGUASCALIENTES,12,AGUASCALIENTES,1,AGUASCALIENTES,493,3,206,74,34,3,3,26,176,21,7,2,0,0,0,552,0,22,574,1512
,1,AGUASCALIENTES,12,AGUASCALIENTES,1,AGUASCALIENTES,494,2,121,17,13,3,1,38,153,2,4,7,1,0,0,360,0,9,369,943
,1,AGUASCALIENTES,12,AGUASCALIENTES,1,AGUASCALIENTES,495,2,141,25,5,5,8,29,185,10,6,3,0,0,0,417,1,12,430,1219
,1,AGUASCALIENTES,12,AGUASCALIENTES,1,AGUASCALIENTES,496,3,241,28,9,7,7,63,380,15,9,6,0,0,0,765,0,22,787,2096
,1,AGUASCALIENTES,12,AGUASCALIENTES,1,AGUASCALIENTES,497,2,120,11,1,3,5,43,127,8,4,3,0,0,0,325,0,7,332,809
,1,AGUASCALIENTES,13,AGUASCALIENTES,1,AGUASCALIENTES,498,2,109,18,9,2,1,30,158,3,1,2,0,0,0,333,0,13,346,951
,1,AGUASCALIENTES,13,AGUASCALIENTES,1,AGUASCALIENTES,499,2,74,18,5,7,1,20,155,4,7,8,0,1,0,300,0,17,317,954
,1,AGUASCALIENTES,13,AGUASCALIENTES,1,AGUASCALIENTES,500,2,97,20,12,3,3,32,163,6,7,3,1,0,0,347,0,25,372,877
,1,AGUASCALIENTES,13,AGUASCALIENTES,1,AGUASCALIENTES,501,2,171,15,13,7,1,33,196,7,6,4,0,0,0,453,1,18,472,1033
,1,AGUASCALIENTES,13,AGUASCALIENTES,1,AGUASCALIENTES,502,2,103,15,8,3,6,36,146,5,6,1,0,0,1,330,0,13,343,875
,1,AGUASCALIENTES,13,AGUASCALIENTES,1,AGUASCALIENTES,503,2,133,16,2,2,1,30,139,6,1,1,0,0,0,331,0,10,341,752
,1,AGUASCALIENTES,13,AGUASCALIENTES,1,AGUASCALIENTES,504,2,122,13,7,5,5,43,159,9,5,4,0,0,1,373,1,23,397,927
,1,AGUASCALIENTES,13,AGUASCALIENTES,1,AGUASCALIENTES,505,2,128,12,2,4,6,46,170,7,8,3,0,1,0,387,1,6,394,866
,1,AGUASCALIENTES,13,AGUASCALIENTES,1,AGUASCALIENTES,506,2,129,21,10,5,3,40,124,4,4,4,0,1,0,345,0,12,357,872
,1,AGUASCALIENTES,13,AGUASCALIENTES,1,AGUASCALIENTES,507,2,143,14,5,4,6,39,147,4,2,5,1,0,0,370,0,15,385,861
,1,AGUASCALIENTES,16,AGUASCALIENTES,1,AGUASCALIENTES,508,2,85,24,86,9,4,25,179,6,0,0,0,0,1,419,0,15,434,974
,1,AGUASCALIENTES,16,AGUASCALIENTES,1,AGUASCALIENTES,509,3,159,31,115,5,7,47,252,16,13,9,2,0,0,656,0,30,686,2036
,1,AGUASCALIENTES,16,AGUASCALIENTES,1,AGUASCALIENTES,510,2,80,13,32,1,5,23,133,10,3,1,2,0,0,303,1,13,317,833
,1,AGUASCALIENTES,13,AGUASCALIENTES,1,AGUASCALIENTES,511,2,106,10,16,2,1,34,144,7,4,3,0,0,0,327,1,10,338,841
,1,AGUASCALIENTES,16,AGUASCALIENTES,1,AGUASCALIENTES,512,1,75,8,13,1,3,13,70,1,0,1,0,0,0,185,0,10,195,539
,1,AGUASCALIENTES,16,AGUASCALIENTES,1,AGUASCALIENTES,513,1,66,2,12,1,5,22,101,2,1,0,1,0,0,213,0,12,225,497
,1,AGUASCALIENTES,14,AGUASCALIENTES,1,AGUASCALIENTES,514,1,136,9,1,1,2,28,129,6,8,3,1,0,0,324,0,7,331,671
,1,AGUASCALIENTES,14,AGUASCALIENTES,1,AGUASCALIENTES,515,2,121,19,24,3,4,21,123,0,7,3,0,0,0,325,0,5,330,842
,1,AGUASCALIENTES,15,AGUASCALIENTES,1,AGUASCALIENTES,516,2,62,8,143,2,3,18,124,9,0,2,1,0,0,372,0,19,391,899
,1,AGUASCALIENTES,14,AGUASCALIENTES,1,AGUASCALIENTES,517,2,114,27,4,3,4,44,174,5,13,2,0,0,0,390,0,11,401,769
,1,AGUASCALIENTES,14,AGUASCALIENTES,1,AGUASCALIENTES,518,1,147,15,6,2,2,28,163,2,4,3,0,0,0,372,0,12,384,720
,1,AGUASCALIENTES,14,AGUASCALIENTES,1,AGUASCALIENTES,519,1,92,18,8,2,2,24,127,9,7,2,2,0,0,293,0,9,302,619
,1,AGUASCALIENTES,14,AGUASCALIENTES,1,AGUASCALIENTES,520,2,122,42,7,4,3,31,160,7,5,0,0,0,0,381,0,11,392,777
,1,AGUASCALIENTES,14,AGUASCALIENTES,1,AGUASCALIENTES,521,2,125,27,4,2,5,34,150,1,7,3,0,0,1,359,0,6,365,780
,1,AGUASCALIENTES,15,AGUASCALIENTES,1,AGUASCALIENTES,522,2,127,20,27,4,5,22,123,8,2,1,1,0,0,340,0,18,358,898
,1,AGUASCALIENTES,15,AGUASCALIENTES,1,AGUASCALIENTES,523,2,114,10,21,0,1,30,156,4,3,5,1,1,0,346,0,17,363,866
,1,AGUASCALIENTES,15,AGUASCALIENTES,1,AGUASCALIENTES,524,2,110,8,11,3,2,41,144,8,7,3,1,0,0,338,1,19,358,985
,1,AGUASCALIENTES,15,AGUASCALIENTES,1,AGUASCALIENTES,525,2,114,20,26,3,2,40,159,8,8,1,1,0,0,382,0,8,390,949
,1,AGUASCALIENTES,14,AGUASCALIENTES,1,AGUASCALIENTES,526,2,130,49,3,3,6,43,182,1,5,1,0,0,0,423,4,7,434,844
,1,AGUASCALIENTES,14,AGUASCALIENTES,1,AGUASCALIENTES,527,2,146,37,5,1,7,47,162,4,6,1,0,0,0,416,0,6,422,844
,1,AGUASCALIENTES,14,AGUASCALIENTES,1,AGUASCALIENTES,528,2,115,44,6,2,4,34,157,6,4,3,0,0,1,376,0,12,388,974
,1,AGUASCALIENTES,15,AGUASCALIENTES,1,AGUASCALIENTES,529,2,110,22,35,3,1,27,169,12,5,4,0,0,0,388,0,12,400,879
,1,AGUASCALIENTES,15,AGUASCALIENTES,1,AGUASCALIENTES,530,4,272,30,60,7,5,73,371,7,14,7,1,0,1,848,1,17,866,2290
,1,AGUASCALIENTES,15,AGUASCALIENTES,1,AGUASCALIENTES,531,2,124,17,17,4,5,48,178,6,5,0,0,0,0,404,0,10,414,1021
,1,AGUASCALIENTES,15,AGUASCALIENTES,1,AGUASCALIENTES,532,2,129,8,19,4,0,37,189,10,3,2,2,0,0,403,0,13,416,1016
,1,AGUASCALIENTES,15,AGUASCALIENTES,1,AGUASCALIENTES,533,2,101,14,22,4,3,60,162,9,0,5,0,0,0,380,0,16,396,1063
,1,AGUASCALIENTES,18,AGUASCALIENTES,1,AGUASCALIENTES,534,2,90,16,14,6,8,30,187,5,3,2,0,0,0,361,0,7,368,1082
,1,AGUASCALIENTES,18,AGUASCALIENTES,1,AGUASCALIENTES,535,2,131,44,22,2,2,17,170,10,9,2,0,0,0,409,0,17,426,1105
,1,AGUASCALIENTES,18,AGUASCALIENTES,1,AGUASCALIENTES,536,2,123,22,14,4,10,48,172,15,5,4,1,0,0,418,0,25,443,1338
,1,AGUASCALIENTES,18,AGUASCALIENTES,1,AGUASCALIENTES,537,2,93,26,9,3,5,35,205,9,3,3,0,0,0,391,0,8,399,1134
,1,AGUASCALIENTES,18,AGUASCALIENTES,1,AGUASCALIENTES,538,1,89,18,3,2,0,46,166,4,6,0,0,0,0,334,0,11,345,747
,1,AGUASCALIENTES,18,AGUASCALIENTES,1,AGUASCALIENTES,539,2,78,27,7,3,6,37,176,4,5,3,0,0,0,346,0,9,355,862
,1,AGUASCALIENTES,18,AGUASCALIENTES,1,AGUASCALIENTES,540,2,85,9,6,1,1,33,175,2,3,3,0,0,0,318,0,7,325,922
,1,AGUASCALIENTES,18,AGUASCALIENTES,1,AGUASCALIENTES,541,2,91,15,15,0,3,28,154,5,7,4,0,0,0,322,0,7,329,854
,1,AGUASCALIENTES,18,AGUASCALIENTES,1,AGUASCALIENTES,542,2,114,16,9,3,9,44,153,6,4,5,0,0,1,364,0,11,375,962
,1,AGUASCALIENTES,18,AGUASCALIENTES,1,AGUASCALIENTES,543,2,64,13,17,3,3,33,173,2,11,3,0,0,0,322,0,11,333,997
,1,AGUASCALIENTES,18,AGUASCALIENTES,1,AGUASCALIENTES,544,2,99,19,10,7,6,41,172,5,5,2,1,0,0,367,0,14,381,988
,1,AGUASCALIENTES,18,AGUASCALIENTES,1,AGUASCALIENTES,545,2,128,19,28,1,7,29,202,9,6,3,4,1,1,438,0,20,458,1157
,1,AGUASCALIENTES,18,AGUASCALIENTES,1,AGUASCALIENTES,546,2,144,20,8,8,8,60,207,5,9,2,0,0,0,471,1,14,486,1295
,1,AGUASCALIENTES,18,AGUASCALIENTES,1,AGUASCALIENTES,547,2,166,15,19,2,4,68,230,6,6,8,1,0,0,525,0,22,547,1299
,1,AGUASCALIENTES,16,AGUASCALIENTES,1,AGUASCALIENTES,548,2,78,13,28,4,5,29,150,5,3,0,1,1,0,317,0,16,333,882
,1,AGUASCALIENTES,16,AGUASCALIENTES,1,AGUASCALIENTES,549,4,364,45,37,9,6,112,564,16,15,3,1,0,0,1172,2,27,1201,2613
,1,AGUASCALIENTES,16,AGUASCALIENTES,1,AGUASCALIENTES,550,2,130,24,7,11,5,39,170,5,3,4,0,0,0,398,0,9,407,776
,1,AGUASCALIENTES,16,AGUASCALIENTES,1,AGUASCALIENTES,551,2,126,14,9,2,1,40,195,3,5,1,0,0,0,396,1,8,405,872
,1,AGUASCALIENTES,16,AGUASCALIENTES,1,AGUASCALIENTES,552,2,113,12,4,3,4,41,148,6,3,0,0,0,0,334,0,7,341,761
,1,AGUASCALIENTES,16,AGUASCALIENTES,1,AGUASCALIENTES,553,2,140,19,13,4,2,32,181,5,4,4,0,0,0,404,0,13,417,882
,1,AGUASCALIENTES,16,AGUASCALIENTES,1,AGUASCALIENTES,554,2,126,21,10,5,1,60,172,7,5,3,1,0,0,411,0,14,425,866
,1,AGUASCALIENTES,16,AGUASCALIENTES,1,AGUASCALIENTES,555,10,851,104,49,11,23,257,1190,35,32,9,3,1,0,2565,3,52,2620,6763
,1,AGUASCALIENTES,16,AGUASCALIENTES,1,AGUASCALIENTES,556,2,117,7,23,0,2,49,165,9,1,2,0,0,0,375,1,15,391,880
,1,AGUASCALIENTES,16,AGUASCALIENTES,1,AGUASCALIENTES,557,2,152,9,6,3,3,55,175,5,3,3,0,0,0,414,0,12,426,848
,1,AGUASCALIENTES,15,AGUASCALIENTES,1,AGUASCALIENTES,558,2,163,12,4,5,4,47,196,6,1,2,1,0,0,441,0,9,450,866
,1,AGUASCALIENTES,15,AGUASCALIENTES,1,AGUASCALIENTES,559,2,159,25,9,1,4,39,164,3,6,1,0,0,0,411,1,5,417,810
,1,AGUASCALIENTES,16,AGUASCALIENTES,1,AGUASCALIENTES,560,2,141,15,20,5,2,68,251,10,6,2,0,0,0,520,0,16,536,1090
,1,AGUASCALIENTES,15,AGUASCALIENTES,1,AGUASCALIENTES,561,1,61,12,5,3,1,24,88,2,2,0,0,0,0,198,0,3,201,403
,1,AGUASCALIENTES,15,AGUASCALIENTES,1,AGUASCALIENTES,562,2,140,17,44,0,2,35,152,2,0,4,0,0,0,396,0,4,400,896
,1,AGUASCALIENTES,15,AGUASCALIENTES,1,AGUASCALIENTES,563,2,112,14,40,1,2,31,163,9,5,1,1,0,1,380,1,24,405,881
,1,AGUASCALIENTES,15,AGUASCALIENTES,1,AGUASCALIENTES,564,2,81,9,48,6,3,30,150,10,4,2,1,0,0,344,0,16,360,832
,1,AGUASCALIENTES,15,AGUASCALIENTES,1,AGUASCALIENTES,565,1,54,18,32,0,2,36,110,6,3,1,4,0,0,266,0,13,279,687
,1,AGUASCALIENTES,15,AGUASCALIENTES,1,AGUASCALIENTES,566,2,86,27,24,3,3,30,136,10,2,4,0,0,0,325,0,11,336,769
,1,AGUASCALIENTES,15,AGUASCALIENTES,1,AGUASCALIENTES,567,2,90,16,13,6,4,36,162,14,1,3,0,0,1,346,0,21,367,868
,1,AGUASCALIENTES,15,AGUASCALIENTES,1,AGUASCALIENTES,568,1,94,18,10,3,3,34,106,3,4,0,0,0,1,276,0,13,289,669
,1,AGUASCALIENTES,15,AGUASCALIENTES,1,AGUASCALIENTES,569,2,111,28,15,4,3,31,126,4,4,6,1,1,0,334,0,12,346,765
,1,AGUASCALIENTES,15,AGUASCALIENTES,1,AGUASCALIENTES,570,1,81,23,7,2,2,28,113,2,7,2,0,0,0,267,0,5,272,679
,1,AGUASCALIENTES,15,AGUASCALIENTES,1,AGUASCALIENTES,571,1,78,12,17,2,1,19,119,5,1,2,2,0,0,258,1,4,263,636
,1,AGUASCALIENTES,16,AGUASCALIENTES,1,AGUASCALIENTES,572,12,939,116,66,17,32,320,1364,45,39,8,3,0,1,2950,1,59,3010,7538
,1,AGUASCALIENTES,16,AGUASCALIENTES,1,AGUASCALIENTES,573,2,224,50,24,4,7,57,177,15,14,9,2,0,0,583,0,21,604,1496
,1,AGUASCALIENTES,12,AGUASCALIENTES,1,AGUASCALIENTES,574,2,123,38,30,4,5,32,122,6,4,2,0,0,0,366,0,11,377,1067
,1,AGUASCALIENTES,12,AGUASCALIENTES,1,AGUASCALIENTES,575,2,186,54,70,3,10,24,133,6,14,12,1,1,1,515,0,15,530,1403
,1,AGUASCALIENTES,16,AGUASCALIENTES,1,AGUASCALIENTES,576,2,105,54,58,2,3,19,91,2,5,4,0,0,0,343,0,13,356,930
,1,AGUASCALIENTES,16,AGUASCALIENTES,1,AGUASCALIENTES,577,2,132,22,78,4,8,23,158,6,3,2,1,0,0,437,0,34,471,1195
,1,AGUASCALIENTES,16,AGUASCALIENTES,1,AGUASCALIENTES,578,2,98,10,33,2,3,35,168,6,6,0,1,0,0,362,0,10,372,946
,1,AGUASCALIENTES,16,AGUASCALIENTES,1,AGUASCALIENTES,579,2,99,11,32,5,5,21,126,8,11,1,4,0,0,323,0,16,339,771
,1,AGUASCALIENTES,16,AGUASCALIENTES,1,AGUASCALIENTES,580,2,100,20,83,10,7,35,131,8,5,2,2,0,0,403,0,16,419,982
,1,AGUASCALIENTES,16,AGUASCALIENTES,1,AGUASCALIENTES,581,2,95,9,60,3,4,31,166,8,9,3,1,1,0,390,0,12,402,931
,1,AGUASCALIENTES,16,AGUASCALIENTES,1,AGUASCALIENTES,582,2,103,14,33,1,6,39,181,4,6,1,0,1,0,389,1,14,404,985
,1,AGUASCALIENTES,16,AGUASCALIENTES,1,AGUASCALIENTES,583,2,122,11,52,3,2,31,185,6,6,1,1,1,0,421,2,17,440,1036
,1,AGUASCALIENTES,16,AGUASCALIENTES,1,AGUASCALIENTES,584,2,124,7,17,1,4,29,155,10,3,2,0,0,0,352,0,17,369,908
,1,AGUASCALIENTES,16,AGUASCALIENTES,1,AGUASCALIENTES,585,2,93,10,57,6,2,25,154,7,3,2,0,0,0,359,0,18,377,993
,1,AGUASCALIENTES,16,AGUASCALIENTES,1,AGUASCALIENTES,586,2,144,11,21,4,2,39,187,5,5,2,0,0,1,421,0,14,435,1036
,1,AGUASCALIENTES,16,AGUASCALIENTES,1,AGUASCALIENTES,587,2,164,22,33,2,8,62,153,8,4,4,0,0,0,460,0,8,468,1149
,1,AGUASCALIENTES,16,AGUASCALIENTES,1,AGUASCALIENTES,588,2,117,7,17,2,10,31,169,9,6,4,1,0,1,374,0,9,383,1196
,1,AGUASCALIENTES,16,AGUASCALIENTES,1,AGUASCALIENTES,589,15,1065,97,310,16,40,249,1571,66,58,21,10,0,1,3504,5,109,3618,11069
,1,AGUASCALIENTES,16,AGUASCALIENTES,1,AGUASCALIENTES,590,2,125,14,15,1,2,37,196,9,6,1,1,0,0,407,1,13,421,945
,1,AGUASCALIENTES,16,AGUASCALIENTES,1,AGUASCALIENTES,591,1,83,16,2,1,8,10,106,2,2,1,0,0,0,231,0,6,237,636
,1,AGUASCALIENTES,16,AGUASCALIENTES,1,AGUASCALIENTES,592,1,119,16,5,3,1,45,163,4,2,0,0,0,0,358,0,8,366,698
,1,AGUASCALIENTES,16,AGUASCALIENTES,1,AGUASCALIENTES,593,1,59,12,2,0,0,16,99,2,2,2,1,0,0,195,0,8,203,570
,1,AGUASCALIENTES,5,AGUASCALIENTES,1,AGUASCALIENTES,594,9,485,60,83,9,8,115,654,25,31,14,4,0,0,1488,0,52,1540,6352
,1,AGUASCALIENTES,5,AGUASCALIENTES,1,AGUASCALIENTES,595,3,395,39,4,1,2,58,290,5,12,2,1,0,0,809,0,21,830,1669
,1,AGUASCALIENTES,5,AGUASCALIENTES,1,AGUASCALIENTES,596,4,457,42,13,5,8,78,283,13,7,1,0,0,0,907,1,25,933,2323
,1,AGUASCALIENTES,12,AGUASCALIENTES,1,AGUASCALIENTES,597,2,140,13,15,4,4,40,255,7,11,5,0,0,0,494,0,22,516,1466
,1,AGUASCALIENTES,5,AGUASCALIENTES,1,AGUASCALIENTES,598,2,192,28,7,5,5,58,319,5,5,7,1,0,1,633,0,17,650,1492
,1,AGUASCALIENTES,5,AGUASCALIENTES,1,AGUASCALIENTES,599,2,204,20,11,1,3,59,186,7,6,2,0,0,0,499,1,12,512,1013
,1,AGUASCALIENTES,5,AGUASCALIENTES,1,AGUASCALIENTES,600,2,157,14,3,1,5,47,180,3,2,7,3,0,1,423,0,19,442,934
,1,AGUASCALIENTES,5,AGUASCALIENTES,1,AGUASCALIENTES,601,3,203,25,24,6,6,71,324,9,11,5,1,0,0,685,0,22,707,2165
,1,AGUASCALIENTES,12,AGUASCALIENTES,1,AGUASCALIENTES,602,3,228,15,39,5,7,61,324,15,10,5,3,0,0,712,0,10,722,1881
,1,AGUASCALIENTES,5,AGUASCALIENTES,1,AGUASCALIENTES,603,3,133,15,43,1,8,43,222,7,10,2,0,0,0,484,0,18,502,1518
,1,AGUASCALIENTES,12,AGUASCALIENTES,1,AGUASCALIENTES,604,2,120,11,21,7,0,33,169,4,9,2,2,0,0,378,0,14,392,1148
,1,AGUASCALIENTES,5,AGUASCALIENTES,1,AGUASCALIENTES,605,2,190,16,7,2,1,65,146,1,8,2,0,0,0,438,0,14,452,799
,1,AGUASCALIENTES,5,AGUASCALIENTES,1,AGUASCALIENTES,606,2,199,27,1,4,5,48,183,7,8,2,0,0,0,484,0,16,500,1124
,1,AGUASCALIENTES,5,AGUASCALIENTES,1,AGUASCALIENTES,607,2,136,14,4,0,4,34,161,1,6,2,3,0,0,365,1,9,375,779
,1,AGUASCALIENTES,12,AGUASCALIENTES,1,AGUASCALIENTES,608,3,229,70,106,7,12,53,165,27,12,11,2,1,0,695,0,17,712,1427
,1,AGUASCALIENTES,12,AGUASCALIENTES,1,AGUASCALIENTES,609,3,199,17,41,6,7,39,210,8,17,4,0,0,0,548,0,15,563,2233
,1,AGUASCALIENTES,12,AGUASCALIENTES,1,AGUASCALIENTES,610,3,118,17,40,3,3,35,204,4,11,0,0,0,0,435,0,12,447,1592
,1,AGUASCALIENTES,12,AGUASCALIENTES,1,AGUASCALIENTES,611,3,174,19,20,8,3,52,277,8,5,2,0,0,0,568,0,23,591,1925
,1,AGUASCALIENTES,12,AGUASCALIENTES,1,AGUASCALIENTES,612,4,242,35,48,4,9,59,371,16,12,2,2,1,0,801,0,26,827,2820
,1,AGUASCALIENTES,12,AGUASCALIENTES,1,AGUASCALIENTES,613,4,236,22,50,8,8,52,355,20,18,2,1,0,0,772,0,34,806,2821
,1,AGUASCALIENTES,12,AGUASCALIENTES,1,AGUASCALIENTES,614,4,223,21,19,7,8,81,360,14,11,5,2,0,0,751,2,21,774,2602
,1,AGUASCALIENTES,12,AGUASCALIENTES,1,AGUASCALIENTES,615,2,107,13,36,3,3,27,118,3,8,1,0,0,0,319,0,10,329,1317
,1,AGUASCALIENTES,12,AGUASCALIENTES,1,AGUASCALIENTES,616,1,106,47,30,1,2,23,74,3,4,6,0,0,0,296,0,8,304,714
,1,AGUASCALIENTES,12,AGUASCALIENTES,1,AGUASCALIENTES,617,4,301,26,22,8,7,76,395,10,13,3,4,0,0,865,1,13,879,2275
,1,AGUASCALIENTES,18,AGUASCALIENTES,1,AGUASCALIENTES,618,3,488,48,14,7,10,113,427,14,12,1,0,0,1,1135,0,19,1154,2055
,1,AGUASCALIENTES,18,AGUASCALIENTES,1,AGUASCALIENTES,619,2,200,27,8,3,6,48,296,4,5,2,1,0,0,600,0,16,616,1249
,1,AGUASCALIENTES,18,AGUASCALIENTES,1,AGUASCALIENTES,620,3,300,55,11,9,2,85,453,12,9,5,3,0,0,944,0,20,964,2093
,1,AGUASCALIENTES,18,AGUASCALIENTES,1,AGUASCALIENTES,621,4,264,40,27,6,9,115,527,19,11,1,0,0,1,1020,0,23,1043,2875
,1,AGUASCALIENTES,18,AGUASCALIENTES,1,AGUASCALIENTES,622,3,501,40,12,7,5,87,286,11,17,2,0,0,0,968,0,18,986,1755
,1,AGUASCALIENTES,18,AGUASCALIENTES,1,AGUASCALIENTES,623,2,213,22,5,6,4,52,214,11,10,2,1,0,1,541,1,15,557,1301
,1,AGUASCALIENTES,18,AGUASCALIENTES,1,AGUASCALIENTES,624,4,440,52,10,6,8,101,408,13,20,4,1,0,0,1063,1,22,1086,2263
,1,AGUASCALIENTES,18,AGUASCALIENTES,1,AGUASCALIENTES,625,3,100,23,6,3,3,28,158,5,1,1,0,0,0,328,0,4,332,1530
,1,AGUASCALIENTES,18,AGUASCALIENTES,1,AGUASCALIENTES,626,4,209,33,17,5,3,60,312,13,14,5,1,0,0,672,0,26,698,2650
,1,AGUASCALIENTES,18,AGUASCALIENTES,1,AGUASCALIENTES,627,2,159,20,1,4,1,53,208,7,5,3,0,0,0,461,1,11,473,1361
,1,AGUASCALIENTES,18,AGUASCALIENTES,1,AGUASCALIENTES,628,2,71,7,2,1,4,28,118,1,8,0,0,0,0,240,0,5,245,996
,1,AGUASCALIENTES,18,AGUASCALIENTES,1,AGUASCALIENTES,629,2,264,34,3,4,7,22,157,11,10,7,0,0,0,519,0,18,537,1232
,1,AGUASCALIENTES,18,AGUASCALIENTES,1,AGUASCALIENTES,630,2,73,27,8,2,3,12,119,8,2,5,0,0,0,259,0,6,265,756
,1,AGUASCALIENTES,18,AGUASCALIENTES,1,AGUASCALIENTES,631,3,367,30,17,3,5,36,198,18,9,10,2,0,0,695,0,22,717,1696
,1,AGUASCALIENTES,0,VOTO EN EL EXTRANJERO,0,VOTO EN EL EXTRANJERO,0,2,148,25,11,3,2,25,183,5,23,2,0,1,1,429,0,17,446,1125
